Title,Story_line
1. The Substance,"A fading celebrity takes a black-market drug: a cell-replicating substance that helps her create a younger, better version of herself."
2. The Life of Chuck,"A life-affirming, genre-bending story about three chapters in the life of an ordinary man named Charles Krantz."
3. Bone Lake,"A couple's vacation at a secluded estate is upended when they're forced to share the mansion with a mysterious couple. A dream getaway spirals into a nightmarish maze of sex, lies, and manipulation, triggering a battle for survival."
4. Anora,"A young stripper from Brooklyn meets and impulsively marries the son of a Russian oligarch. Once the news reaches Russia, her fairy tale is threatened as his parents set out for New York to get the marriage annulled."
5. Eden,"Based on a factual account of a group of outsiders who settle on a remote island only to discover their greatest threat isn't the brutal climate or deadly wildlife, but each other."
6. Relay,A broker of lucrative payoffs between corrupt corporations and the individuals who threaten them breaks his own rules when a new client seeks his protection to stay alive.
7. Dune: Part Two,"Paul Atreides unites with the Fremen while on a warpath of revenge against the conspirators who destroyed his family. Facing a choice between the love of his life and the fate of the universe, he endeavors to prevent a terrible future."
8. Civil War,"In a dystopian future, four journalists travel across the United States during a nation-wide conflict. While trying to survive, they aim to reach the White House to interview the president before he is overthrown."
9. He's Watching You,A teenager investigating mysterious murders in his small town discovers a collection of VHS tapes that could reveal the identity of a notorious serial killer.
10. Gladiator II,"After his home is conquered by the tyrannical emperors who now lead Rome, Lucius is forced to enter the Colosseum and must look to his past to find strength to return the glory of Rome to its people."
11. Wicked,"Elphaba, a young woman ridiculed for her green skin, and Galinda, a popular girl, become friends at Shiz University in the Land of Oz. After an encounter with the Wonderful Wizard of Oz, their friendship reaches a crossroads."
12. Blink Twice,"When tech billionaire Slater King meets cocktail waitress Frida at his fundraising gala, he invites her to join him and his friends on a dream vacation on his private island. As strange things start to happen, Frida questions her reality."
13. The Brutalist,A visionary architect flees post-war Europe in 1947 for a brighter future in the United States and finds his life forever changed by a wealthy client.
14. A Complete Unknown,"In 1961, an unknown 19-year-old Bob Dylan arrives in New York City with his guitar and forges relationships with musical icons on his meteoric rise, culminating in a groundbreaking performance that reverberates around the world."
15. Deadpool & Wolverine,"Deadpool is offered a place in the Marvel Cinematic Universe by the Time Variance Authority, but instead recruits a variant of Wolverine to save his universe from extinction."
16. Nosferatu,"A gothic tale of obsession between a haunted young woman and the terrifying vampire infatuated with her, causing untold horror in its wake."
17. Heretic,Two young religious women are drawn into a game of cat-and-mouse in the house of a strange man.
18. It Ends with Us,"When a woman's first love suddenly reenters her life, her relationship with a charming, but abusive neurosurgeon is upended and she realizes she must learn to rely on her own strength to make an impossible choice for her future."
19. Alien: Romulus,"While scavenging the deep ends of a derelict space station, a group of young space colonists come face to face with the most terrifying life form in the universe."
20. Kangaroo Island,"A struggling Hollywood actress returns home to Kangaroo Island, confronting the love triangle that tore her family apart."
21. Abigail,"After a group of criminals kidnap the ballerina daughter of a powerful underworld figure, they retreat to an isolated mansion, unaware that they're locked inside with no normal little girl."
22. Friendship,A suburban dad falls hard for his charismatic new neighbor.
23. The Wild Robot,"After a shipwreck, an intelligent robot called Roz is stranded on an uninhabited island. To survive the harsh environment, Roz bonds with the island's animals and cares for an orphaned baby goose."
24. Conclave,"When Cardinal Lawrence is tasked with leading the selection of a new Pope, he finds himself in a web of conspiracy and intrigue that could shake the very foundations of the Catholic Church."
25. Ghostbusters: Frozen Empire,"When the discovery of an ancient artifact unleashes an evil force, Ghostbusters new and old must join forces to protect their home and save the world from a second ice age."
26. Secret Mall Apartment,"In 2003, eight Rhode Islanders created a secret apartment inside a busy mall and lived there for four years, filming everything along the way. Far more than a prank, the secret apartment became a deeply meaningful place for all involved."
27. The Ministry of Ungentlemanly Warfare,The British military recruits a small group of highly skilled soldiers to strike against German forces behind enemy lines during World War II.
28. The Fall Guy,"A stuntman, fresh off an almost career-ending accident, has to track down a missing movie star, solve a conspiracy and try to win back the love of his life while still doing his day job."
29. I'm Still Here,A woman married to a former politician during the military dictatorship in Brazil is forced to reinvent herself and chart a new course for her family after a violent and arbitrary act.
30. Kinds of Kindness,"A man seeks to break free from his predetermined path, a cop questions his wife's demeanor after her return from a supposed drowning, and a woman searches for an extraordinary individual prophesied to become a renowned spiritual guide."
31. Babygirl,A high-powered CEO puts her career and family on the line when she begins a torrid affair with her much-younger intern.
32. Shell,"Desperate to reclaim her career, once-beloved actress Samantha Lake is drawn into the glamorous world of wellness mogul Zoe Shannon -only to uncover a monstrous truth beneath its flawless surface."
33. Challengers,"Tashi, a former tennis prodigy turned coach, transformed her husband into a champion. But to overcome a recent losing streak and redeem himself, he'll need to face off against his former best friend and Tashi's ex-boyfriend."
34. The Instigators,Follows two robbers who must go on the run with the help of one of their therapists after a theft doesn't go as planned.
35. Longlegs,"In pursuit of a serial killer, an FBI agent uncovers a series of occult clues that she must solve to end his terrifying killing spree."
36. We Live in Time,"After an unusual encounter, a talented chef and a recently divorcée fall in love and build the home and family they've always dreamed of, until a painful truth puts their love story to the test."
37. The Apprentice,"A young man took over his father's real-estate business in 1970s and '80s New York, and got the helping hand of an infamous closeted gay lawyer who helped him turn this young man into a notorious legend. Based on true events."
38. The Idea of You,"Solène, a 40-year-old single mom, begins an unexpected romance with 24-year-old Hayes Campbell, the lead singer of August Moon, the hottest boy band on the planet."
39. The Beekeeper,A former operative of a powerful organization embarks on a brutal campaign for vengeance.
40. Wolfs,"Two rival fixers cross paths when they're both called in to help cover up a prominent New York official's misstep. Over one explosive night, they'll have to set aside their petty grievances and their egos to finish the job."
41. Small Things Like These,In 1985 devoted father Bill Furlong discovers disturbing secrets kept by the local convent and uncovers shocking truths of his own.
42. We Bury the Dead,"After a catastrophic military disaster, the dead don't just rise - they hunt. Ava searches for her missing husband, but what she finds is far more terrifying."
43. Speak No Evil,"A family is invited to spend a whole weekend in a lonely home in the countryside, but as the weekend progresses, they realize that a dark side lies within the family who invited them."
44. MaXXXine,"In 1980s Hollywood, adult film star and aspiring actress Maxine Minx finally gets her big break. But as a mysterious killer stalks the starlets of Hollywood, a trail of blood threatens to reveal her sinister past."
45. Borderlands,"An infamous bounty hunter returns to her childhood home, the chaotic planet Pandora, and forms an unlikely alliance with a team of misfits to find the missing daughter of the most powerful man in the universe."
46. Flow,"Cat is a solitary animal, but as its home is devastated by a great flood, he finds refuge on a boat populated by various species, and will have to team up with them despite their differences."
47. Road House,"Ex-UFC fighter Dalton takes a job as a bouncer at a Florida Keys roadhouse, only to discover that this paradise is not all it seems."
48. Furiosa: A Mad Max Saga,"After being snatched from the Green Place of Many Mothers, while the tyrants Dementus and Immortan Joe fight for power and control, the young Furiosa must survive many trials as she puts together the means to find her way home."
49. Immaculate,"Cecilia, a woman of devout faith, is warmly welcomed to the picture-perfect Italian countryside where she is offered a new role at an illustrious convent. But it becomes clear to Cecilia that her new home harbors dark and horrifying secrets."
50. Trap,A father and his teen daughter attend a pop concert only to realize they've entered the center of a dark and sinister event.
51. Juror #2,"While serving as a juror in a high-profile murder trial, a family man finds himself struggling with a serious moral dilemma, one he could use to sway the jury verdict and potentially convict or free the wrong killer."
52. Twisters,"Kate Carter, a retired tornado-chaser and meteorologist, is persuaded to return to Oklahoma to work with a new team and new technologies."
53. The Count of Monte-Cristo,"After escaping from an island prison where he spent 14 years for being wrongly accused of state treason, Edmond Dantès returns as the count of Monte Cristo to exact revenge on the men who betrayed him."
54. The Watchers,"A young artist gets stranded in an extensive, immaculate forest in western Ireland, where, after finding shelter, she becomes trapped alongside three strangers, stalked by mysterious creatures each night."
55. Venom: The Last Dance,Eddie Brock and Venom must make a devastating decision as they're pursued by a mysterious military man and alien monsters from Venom's home world.
56. Joker: Folie à Deux,"Struggling with his dual identity, failed comedian Arthur Fleck meets the love of his life, Harley Quinn, while incarcerated at Arkham State Hospital."
57. Tell Me What You Want,"After his father's death, Eric Zimmerman travels to Spain to oversee his company's branches. In Madrid, he falls for Judith and engage in an intense, erotic relationship full of exploration. Eric fears his secret may end their affair."
58. Subservience,"A struggling father purchases a domestic SIM to help care for his family, unaware she will gain self-awareness."
59. Sonic the Hedgehog 3,"Sonic, Knuckles, and Tails reunite against a powerful new adversary, Shadow, a mysterious villain with powers unlike anything they have faced before. With their abilities outmatched, Team Sonic must seek out an unlikely alliance."
60. The Order,A series of bank robberies and car heists frightens communities in the Pacific Northwest. A lone FBI agent believes that the crimes were not the work of financially motivated criminals but rather a group of dangerous domestic terrorists.
61. Kraven the Hunter,"Kraven's complex relationship with his ruthless father, Nikolai Kravinoff, starts him down a path of vengeance with brutal consequences, motivating him to become not only the greatest hunter in the world, but also one of its most feared."
62. Inside Out 2,"A sequel that features Riley entering puberty and experiencing brand new, more complex emotions as a result. As Riley tries to adapt to her teenage years, her old emotions try to adapt to the possibility of being replaced."
63. Carry-On,A mysterious traveler blackmails a young TSA agent into letting a dangerous package slip through security and onto a Christmas Eve flight.
64. A Quiet Place: Day One,A young woman named Sam finds herself trapped in New York City during the early stages of an invasion by alien creatures with ultra-sensitive hearing.
65. Damsel,"A dutiful damsel agrees to marry a handsome prince, only to find the royal family has recruited her as a sacrifice to repay an ancient debt."
66. Rebel Ridge,A former Marine grapples his way through a web of small-town corruption when an attempt to post bail for his cousin escalates into a violent standoff with the local police chief.
67. Smile 2,"About to embark on a world tour, global pop sensation Skye Riley begins experiencing increasingly terrifying and inexplicable events. Overwhelmed by the escalating horrors and the pressures of fame, Skye is forced to face her past."
68. A Real Pain,"Mismatched cousins reunite for a tour through Poland to honor their beloved grandmother, but their old tensions resurface against the backdrop of their family history."
69. Fly Me to the Moon,"Marketing maven Kelly Jones wreaks havoc on NASA launch director Cole Davis's already difficult task. When the White House deems the mission too important to fail, the countdown truly begins."
70. I Was a Stranger,"Five strangers are pulled together, colliding on a single night where survival is uncertain."
71. The Luckiest Man in America,May 1984. An unemployed ice cream truck driver steps onto the game show Press Your Luck harboring a secret: the key to endless money. But his winning streak is threatened when the bewildered executives uncover his real motivations.
72. Dooba Dooba,In-home security cameras watch as an awkward sixteen year old girl terrorizes her well meaning babysitter.
73. Caddo Lake,"When an 8-year-old girl disappears on Caddo Lake, a series of past deaths and disappearances begin to link together, altering a broken family's history."
74. Presence,A family becomes convinced they are not alone after moving into their new home in the suburbs.
75. Moana 2,"After receiving an unexpected call from her wayfinding ancestors, Moana must journey to the far seas of Oceania and into dangerous, long-lost waters for an adventure unlike anything she's ever faced."
76. IF,A young girl who goes through a difficult experience begins to see everyone's imaginary friends who have been left behind as their real-life friends have grown up.
77. Madame Web,"Forced to confront her past, Cassandra Webb, a Manhattan paramedic that may have clairvoyant abilities, forms a relationship with three young women destined for powerful futures, if they can survive their threatening present."
78. Elevation,A single father and two women venture from the safety of their homes to face monstrous creatures to save the life of a young boy.
79. From the Ashes,"A seemingly normal school day ends in unthinkable disaster when a mysterious fire breaks out in the school basement. Chaos, panic and confusion prevail among students and teachers."
80. Kingdom of the Planet of the Apes,"Many years after the reign of Caesar, a young ape goes on a journey that will lead him to question everything he's been taught about the past and make choices that will define a future for apes and humans alike."
81. Love Lies Bleeding,"Reclusive gym manager Lou falls hard for Jackie, an ambitious bodybuilder headed through town to Vegas in pursuit of her dream. But their love ignites violence, pulling them deep into the web of Lou's criminal family."
82. The Last Showgirl,A seasoned showgirl must plan for her future when her show abruptly closes after a 30-year run.
83. Kung Fu Panda 4,"After Po is tapped to become the Spiritual Leader of the Valley of Peace, he needs to find and train a new Dragon Warrior, while a wicked sorceress plans to re-summon all the master villains whom Po has vanquished to the spirit realm."
84. Freaky Tales,"Four interconnected stories set in 1987 Oakland, CA. will tell about the love of music, movies, people, places and memories beyond our knowable universe."
85. Horizon: An American Saga - Chapter 1,"Chronicles a multi-faceted, 15-year span of pre-and post-Civil War expansion and settlement of the American west."
86. The Fable,"After discovering burned trees in his orchards, a wealthy landowner grows suspicious of his workers and nomads passing through his vast estate."
87. Megalopolis,"The city of New Rome faces the duel between Cesar Catilina, a brilliant artist in favor of a Utopian future, and the greedy mayor Franklyn Cicero. Between them is Julia Cicero, with her loyalty divided between her father and her beloved."
88. Fight or Flight,A mercenary takes on the job of tracking down a target on a plane but must protect that target when they're surrounded by people trying to kill both of them.
89. Sleeping Dogs,"An ex-homicide detective with memory loss is forced to solve a brutal murder, only to uncover chilling secrets from his forgotten past."
90. The Return,"After 20 years Odysseus finally returns to Ithaca, where he finds his wife held prisoner by suitors vying to be king and his son facing death at their hands. To win back his family and all he has lost, Odysseus must rediscover his strength."
91. Mufasa: The Lion King,"Mufasa, a cub lost and alone, meets a sympathetic lion named Taka, the heir to a royal bloodline. The chance meeting sets in motion an expansive journey of a group of misfits searching for their destiny."
92. Argylle,A reclusive author who writes espionage novels about a secret agent and a global spy syndicate realizes that the plot of the new book she's writing starts to mirror real-world events in real time.
93. Shelby Oaks,A woman's obsessive search for her missing sister leads her into a terrifying mystery at the hands of an unknown evil.
94. Strange Harvest,"Detectives are thrust into a chilling hunt for ""Mr. Shiny""-a sadistic serial killer from the past whose return marks the beginning of a new wave of grotesque, otherworldly crimes tied to a dark cosmic force."
95. Emilia Pérez,"It follows three remarkable women in Mexico, each pursuing their own happiness. Cartel leader Emilia enlists unappreciated lawyer Rita to help fake her death so that she can finally live authentically as her true self."
96. Transformers One,"The untold origin story of Optimus Prime and Megatron, better known as sworn enemies, but who once were friends bonded like brothers who changed the fate of Cybertron forever."
97. On Swift Horses,"Muriel and her husband Lee are about to begin a bright new life, which is upended by the arrival of Lee's brother. Muriel embarks on a secret life, gambling on racehorses and discovering a love she never thought possible."
98. Bad Boys: Ride or Die,"When their late police captain gets linked to drug cartels, wisecracking Miami cops Mike Lowrey and Marcus Burnett embark on a dangerous mission to clear his name."
99. Queer,"In 1950s Mexico City, an American immigrant in his late forties leads a solitary life amidst a small American community. However, the arrival of a young student stirs the man into finally establishing a meaningful connection with someone."
100. It's What's Inside,"A group of friends gather for a pre-wedding party that descends into an existential nightmare when an estranged friend arrives with a mysterious game that awakens long-hidden secrets, desires and grudges."
101. The Lord of the Rings: The War of the Rohirrim,"A sudden attack by Wulf, a clever and traitorous lord of Rohan seeking vengeance for the death of his father, forces Helm Hammerhand, the King of Rohan, and his people to make a daring last stand in the ancient stronghold of the Hornburg."
102. Here,"A generational story about families and the special place they inhabit, sharing in love, loss, laughter, and life."
103. Lola,"Lola James works to save enough money to get her little brother, Arlo, out of their toxic home. Arlo keeps her hopeful, until one tragic night, when her whole world gets uprooted. From that moment on, nothing will ever be the same."
104. Red One,"After Santa Claus is kidnapped, the North Pole's Head of Security must team up with a notorious hacker in a globe-trotting, action-packed mission to save Christmas."
105. The Strangers: Chapter 1,"After their car breaks down in an eerie small town, a young couple is forced to spend the night in a remote cabin. Panic ensues as they are terrorized by three masked strangers who strike with no mercy and seemingly no motive."
106. Saturday Night,"At 11:30pm on October 11th, 1975, a ferocious troupe of young comedians and writers changed television forever. Find out what happened behind the scenes in the 90 minutes leading up to the first broadcast of Saturday Night Live (1975)."
107. The Unholy Trinity,Buried secrets of an 1870s Montana town spark violence when a young man returns to reclaim his legacy and is caught between a sheriff determined to maintain order and a mysterious stranger hell-bent on destroying it.
108. I Saw the TV Glow,A teenager just trying to make it through life in the suburbs is introduced by a classmate to a mysterious late-night TV show.
109. Parthenope,"A woman born in the sea of Naples in 1950 searches for happiness over the long summers of her youth, falling in love with her home city and its many memorable characters."
110. Godzilla x Kong: The New Empire,"Two ancient titans, Godzilla and Kong, clash in an epic battle as humans unravel their intertwined origins and connection to Skull Island's mysteries."
111. Beetlejuice Beetlejuice,"After a family tragedy, three generations of the Deetz family return home to Winter River. Still haunted by Beetlejuice, Lydia's life is turned upside down when her teenage daughter, Astrid, accidentally opens the portal to the Afterlife."
112. Back to Black,"The life and music of Amy Winehouse, through the journey of adolescence to adulthood and the creation of one of the best-selling albums of our time."
113. Despicable Me 4,"Gru, Lucy, Margo, Edith, and Agnes welcome a new member to the family, Gru Jr., who is intent on tormenting his dad. Gru faces a new nemesis in Maxime Le Mal and his girlfriend Valentina, and the family is forced to go on the run."
114. The Assessment,"In the near future where parenthood is strictly controlled, a couple's seven-day assessment for the right to have a child unravels into a psychological nightmare."
115. Young Hearts,Elias develops feelings for his new neighbor Alexander. He soon realizes he's falling in love for the first time.
116. Maharaja,"A barber seeks vengeance after his home is burglarized, cryptically telling police his ""lakshmi"" has been taken, leaving them uncertain if it's a person or object. His quest to recover the elusive ""lakshmi"" unfolds."
117. Better Man,"A singular profile of pop superstar Robbie Williams, chronicling his meteoric rise, dramatic fall, and remarkable resurgence."
118. Drive-Away Dolls,"Jamie regrets her breakup with her girlfriend, while Marian needs to relax. In search of a fresh start, they embark on an unexpected road trip to Tallahassee. Things quickly go awry when they cross paths with a group of inept criminals."
119. Horizon: An American Saga - Chapter 2,The continuation of one story of the settlement of the American west. It follows the further adventures of characters first featured in Horizon: An American Saga.
120. The Penguin Lessons,A disillusioned Englishman who goes to work in a school in a divided Argentina in 1976 finds his life transformed when he rescues an orphaned penguin from the beach.
121. The Six Triple Eight,"During World War II, 855 women joined the fight to fix the three-year backlog of undelivered mail. Faced with discrimination and a country devastated by war, they managed to sort more than 17 million pieces of mail ahead of time."
122. Year 10,"Following a catastrophic event that has destroyed civilization, a young man must confront a group of cannibals who have murdered his father and stolen the medicine keeping his girlfriend alive."
123. Strangers,"A frustrated woman encounters a mysterious hitman. Their romance leads to vigilante killings of criminals. As she delves deeper, she questions her partner's true nature and their hidden motives."
124. A Different Man,"An aspiring actor undergoes a radical medical procedure to drastically transform his appearance, but his new dream face quickly turns into a nightmare."
125. September 5,"During the 1972 Summer Olympics in Munich, Germany, an American sports broadcasting team must adapt to live coverage of the Israeli athletes being held hostage by a terrorist group."
126. All of You,A stirring near-futuristic romance of two best friends who harbor an unspoken love for one another even after a test matches one of them up with their supposed soulmate.
127. The Beldham,"A struggling new mother fights a generations-old presence lurking within her family home, threatening her safety, her sanity, and the life of her infant child."
128. The Containment,A dark and sinister being enters the body of an innocent child.
129. Land of Bad,A Delta Force team fights for survival as an Air Force drone pilot becomes its eyes in the sky.
130. Barron's Cove,"After his son is killed, a father abducts the child responsible, hellbent on revenge."
131. The Salt Path,A couple lose their home and later discover the husband has been diagnosed with a terminal illness as they embark on a year long coastal trek.
132. Oddity,A psychic medium attempts to uncover the truth behind her sister's murder at the site of the crime.
133. Nickel Boys,A powerful friendship develops between two young Black men as they navigate the harrowing trials of reform school together.
134. Homestead,"Amid chaos, ex-Green Beret joins prepper compound; love grows, truths arise, and a community unites."
135. Don't Move,"A seasoned killer injects a grieving woman with a paralytic agent. She must run, fight and hide before her body shuts down."
136. Viva Verdi!,"At Milan's Casa Verdi retirement home, elderly opera stars and musicians mentor young students while sharing their remarkable lives. Built by Verdi in 1896, this unique residence unites generations through music and passion."
137. Salem's Lot,"An author returns to his hometown of Jerusalem's Lot in search of inspiration for his next book, only to discover that the townspeople are being attacked by a bloodthirsty vampire."
138. Spaceman,"Half a year into his solo mission on the edge of the solar system, an astronaut concerned with the state of his life back on Earth is helped by an ancient creature he discovers in the bowels of his ship."
139. Monkey Man,An anonymous young man unleashes a campaign of vengeance against the corrupt leaders who murdered his mother and continue to systematically victimize the poor and powerless.
140. Diane Warren: Relentless,"The untold story of a legendary songwriter. Featuring Cher, Common, Jennifer Hudson, Gloria Estefan, Kesha, LeAnn Rimes, and more."
141. 1978,"During the World Cup final between Argentina and Holland, in times of military dictatorship, a group of torturers kidnap a group of young people. What begins as an inhumane interrogation turns into hell: the wrong group has been kidnapped."
142. Mean Girls,"Cady Heron is a hit with the Plastics, an A-list girl clique at her new school. But everything changes when she makes the mistake of falling for Aaron Samuels, the ex-boyfriend of alpha Plastic Regina George."
143. My Old Ass,"A mushroom trip brings free-spirited Elliott face-to-face with her 39-year-old self. But when Elliott's ""old ass"" delivers warnings to her younger self, Elliott realizes she has to rethink everything about her family, life and love."
144. Lift,A female master thief and her ex-boyfriend who works for the FBI team up to steal $100M worth of gold bullion being transported on a 777 passenger flight from London to Zurich.
145. Snack Shack,"Nebraska City, 1991, two best friends get the chance to run the swimming pool snack shack, that later comes to be the perfect scenario for transgression, fun, personal discovery and romance."
146. The Killer,"After being betrayed by her master, a disillusioned assassin takes one final shot with the intention of using the money to help a musician she accidentally blinded regain vision."
147. The Shrouds,"Karsh, an innovative businessman and grieving widower, builds a device to connect with the dead inside a burial shroud."
148. The Union,"Construction worker Mike is thrust into the world of espionage when his high school sweetheart, Roxanne, recruits him for a high-stakes intelligence mission."
149. The Deliverance,"An Indiana family discovers strange, demonic occurrences that convince them and their community that the house is a portal to hell."
150. The Ruse,An in-home caregiver fears for her life after being assigned to a mysterious elderly patient in a remote seaside home.
151. Ordinary Angels,Inspired by the incredible true story of a hairdresser who single-handedly rallies an entire community to help a widowed father save the life of his critically ill young daughter.
152. Kneecap,"When fate brings Belfast teacher JJ into the orbit of self-confessed ""low life scum"" Naoise and Liam Óg, the needle drops on a hip hop act like no other. Rapping in their native Irish, they lead a movement to save their mother tongue."
153. The Girl with the Needle,"Copenhagen 1919: A young worker finds herself unemployed and pregnant. She meets Dagmar, who runs an underground adoption agency. A strong connection grows but her world shatters when she stumbles on the shocking truth behind her work."
154. Sketch,"When a young girl's sketchbook falls into a strange pond, her drawings come to life-chaotic, real and on the loose. As the town descends into chaos, her family must reunite and stop the monsters they never meant to unleash."
155. Terrifier 3,Art the Clown is set to unleash chaos on the unsuspecting residents of Miles County as they peacefully drift off to sleep on Christmas Eve.
156. Ricky Stanicky,"When three childhood best friends pull a prank that goes wrong, they invent the imaginary Ricky Stanicky to get them out of trouble. Twenty years later, they still use the nonexistent Ricky as a handy alibi for their immature behavior."
157. Nr. 24,"Young apprentice Gunnar Sønsteby from Rjukan decides to resist Nazi-Germany on the day of the invasion to later become the leader of the ""Oslo-gang"" carrying out countless daring acts of sabotage making him Norway's greatest war hero."
158. King Ivory,"Based upon extensive research with law enforcement, gangs, inmates, migrants, and addicts, an exposé on fentanyl trafficking, and its effect on all walks of life."
159. No Other Land,This film made by a Palestinian-Israeli collective shows the destruction of the occupied West Bank's Masafer Yatta by Israeli soldiers and the alliance which develops between the Palestinian activist Basel and Israeli journalist Yuval.
160. Emmanuelle,"In search of a lost pleasure, Emmanuelle travels alone to Hong Kong on a business mission. In the vibrant and sensual global city, she indulges in intense encounters and new experiences."
161. Maria,"Maria Callas, the world's greatest opera singer, lives the last days of her life in 1970s Paris, as she confronts her identity."
162. Look Back,"The overly confident Fujino and the shut-in Kyomoto couldn't be more different, but a love of drawing manga brings these two small-town girls together."
163. The Outrun,"After living life on the edge in London, Rona attempts to come to terms with her troubled past. Hoping to heal, she returns to the wild beauty of Scotland's Orkney Islands where she grew up."
164. Nightbitch,"A woman pauses her career to be a stay-at-home mom, but soon her domesticity takes a surreal turn."
165. Memoir of a Snail,"A bittersweet memoir of a melancholic woman called Grace Pudel - a hoarder of snails, romance novels, and guinea pigs."
166. Rust,An orphaned boy of 13 left to fend for himself and his younger brother in 1880s Wyoming is sentenced to hang for the accidental killing of a local rancher. His estranged grandfather breaks him out of jail and they go on the run to Mexico.
167. The Crow,"Soulmates Eric and Shelly are brutally murdered. Given a chance to save the love of his life, Eric must sacrifice himself and traverse the worlds of the living and the dead, seeking revenge."
168. Thelma,"When 93-year-old Thelma Post gets duped by a phone scammer pretending to be her grandson, she sets out on a treacherous quest across the city to reclaim what was taken from her."
169. Watchmen: Chapter I,"In 1985, the murder of a government sponsored superhero draws his outlawed colleagues out of retirement and into a mystery that threatens to upend their personal lives and the world itself."
170. Exhuma,The process of excavating an ominous grave unleashes dreadful consequences buried underneath.
171. Paddington in Peru,"Paddington returns to Peru to visit his beloved Aunt Lucy, who now resides at the Home for Retired Bears. With the Brown family in tow, a thrilling adventure ensues when a mystery plunges them into an unexpected journey."
172. The Friend,"When a solitary writer adopts and bonds with a Great Dane that belonged to a late friend, she begins to come to terms with her past and her own creative inner life."
173. A Nice Indian Boy,"When Naveen brings his fiancé Jay home to meet his traditional Indian family, they must contend with accepting his white-orphan-artist boyfriend and helping them plan the Indian wedding of their dreams."
174. Mothers' Instinct,"Alice and Celine live a traditional lifestyle with successful husbands and sons of the same age. Life's perfect harmony is suddenly shattered after a tragic accident. Guilt, suspicion and paranoia combine to unravel their sisterly bond."
175. The Seed of the Sacred Fig,"An investigating judge struggles with paranoia amid political unrest in Tehran caused by the death of a young woman. When his gun goes missing, he suspects his wife and daughters, imposing harsh measures that fray family ties."
176. Kishkindha Kaandam,"Strange events unfold in a monkey-inhabited village, prompting a newlywed pair and forest officials to embark on a mission to uncover the root cause of the peculiar disturbances."
177. The Garfield Movie,"After Garfield's unexpected reunion with his long-lost father, ragged alley cat Vic, he and his canine friend Odie are forced from their perfectly pampered lives to join Vic on a risky heist."
178. The Thinking Game,"Chronicles visionary scientist Demis Hassabis' relentless pursuit to crack artificial general intelligence, a journey of extraordinary perseverance."
179. Attack on Titan the Movie: The Last Attack,"The fate of the world hangs in the balance as Eren unleashes the ultimate power of the Titans. With a burning determination to eliminate all who threaten Eldia, he leads an unstoppable army of Colossal Titans towards Marley."
180. Sheepdog,"A decorated combat veteran is court-ordered into treatment when an ex-convict shows up on his doorstep, forcing him to confront his past and begin an unexpected journey toward post-traumatic growth."
181. Hunting Matthew Nichols,"Twenty-three years after her brother vanished, a filmmaker investigates his disappearance. Uncovering evidence, she suspects he may still be alive, fueling her quest to unravel the mystery."
182. Beating Hearts,"Local rebellious teenager Clotaire falls for his schoolmate Jackie, but gang violence leads him to a darker destructive path. After years apart, the star-crossed lovers discover that every path they've taken leads them back together."
183. Tarot,"When a group of friends recklessly violates the sacred rule of Tarot readings, they unknowingly unleash an unspeakable evil trapped within the cursed cards. One by one, they come face to face with fate and end up in a race against death."
184. Marmalade,"Baron teams up with his cellmate Otis to plan an escape, all while remembering how he fell for Marmalade and joined her in a risky bank robbery to support his sick mother and pursue a better future."
185. Apartment 7A,"A struggling young dancer finds herself drawn in by dark forces when a peculiar, well-connected older couple promise her a shot at fame."
186. Bob Marley: One Love,"The story of how reggae icon Bob Marley overcame adversity, and the journey behind his revolutionary music."
187. The Room Next Door,"Ingrid and Martha were close friends in their youth, when they worked together at the same magazine. After years of being out of touch, they meet again in an extreme but strangely sweet situation."
188. Riff Raff,A former criminal's ordinary life is turned upside down when his old family shows up for a long-awaited reunion.
189. Don't Tell Mom the Babysitter's Dead,Tanya's summer plans are canceled when her mom jets off for a last-minute retreat and the elderly babysitter who arrives at her door unexpectedly passes away.
190. Bird,"Bailey lives with her brother Hunter and her father Bug, who raises them alone in a squat in northern Kent. Bug doesn't have much time to devote to them. Bailey looks for attention and adventure elsewhere."
191. U Are the Universe,"After Earth explodes, Ukrainian space trucker Andriy Melnyk becomes the last person in the universe until he receives a call from Catherine, a French woman on a distant space station. Despite the obstacles, Andriy decides to find her."
192. Absolution,"An aging gangster attempts to reconnect with his children and rectify the mistakes in his past, but the criminal underworld won't loosen their grip willingly."
193. Witchboard,"A cursed Witchboard awakens dark forces, dragging a young couple into a deadly game of possession and deception"
194. The Rule of Jenny Pen,"Confined to a secluded rest home and trapped within his stroke-ridden body, a former Judge must stop an elderly psychopath who employs a child's puppet to abuse the home's residents with deadly consequences."
195. Beverly Hills Cop: Axel F,Axel Foley returns to Beverly Hills after his daughter's life is threatened for a family reunion that includes old pals John Taggart and Billy Rosewood to uncover a conspiracy.
196. Four Letters of Love,"Based on Niall Williams' best-selling novel. Nicholas and Isabel were made for each other but how will they ever know it? As ghosts, fate and the sheer power of true love pull them together, so too does life threaten to tear them apart."
197. Blitz,The stories of a group of Londoners during the German bombing campaign of the British capital during World War II.
198. A Sacrifice,"American social psychologist Ben Monroe investigates a local cult connected to a disturbing event, while his daughter becomes embroiled with a mysterious local boy."
199. Brothers,"Two criminal twin brothers, one who is trying to reform, embark on a dangerous heist road trip. Facing legal troubles, gunfights, and family drama, they must reconcile their differences before their mission leads to self-destruction."
200. Incoming,Four freshmen navigate the terrors of adolescence at their first-ever high school party.
201. Y2K,Two high-school nobodies make the decision to crash a Y2K party. The night becomes even crazier than they could have ever dreamed when the clock strikes midnight.
202. Monster Summer,"When a mysterious force begins to disrupt their big summer fun, a group of friends team up with a retired police detective to embark on an adventure to save their island."
203. Miller's Girl,A creative writing assignment yields complex results between a teacher and his talented student.
204. The Fix,"In a future with toxic air, a model takes a drug causing a transformation. She tries reversing it but learns her mutations could save humanity."
205. Last Night on Earth,"Faced with impending doom from a planet-killing asteroid, a couple flee to the hills of Tennessee to spend their last days together - but the chaotic breakdown of society disrupts their peaceful plans."
206. Anaconda,"A re-interpretation of the iconic '90s creature feature, in which a group of circus athletes - having found themselves stranded in a rain forest - come face-to-face with the elements, a bloodthirsty poacher, and a formidable giant snake."
207. The Wonderful Story of Henry Sugar and Three More,Four tales unfold in writer-director Wes Anderson's anthology of short films adapted from Roald Dahl's beloved stories.
208. Saali Mohabbat,"A housewife gets entangled in a tale of infidelity, deceit, and murder."
209. Cuckoo,A 17-year-old is forced to move with her family to a resort where things are not what they seem.
210. Turtles All the Way Down,A teenager with OCD tries to solve a mystery surrounding a fugitive billionaire.
211. The Surfer,"A man returns to the idyllic beach of his childhood to surf with his son. When he is humiliated by a group of locals, the man is drawn into a conflict that keeps rising and pushes him to his breaking point."
212. Unstoppable,"Centers around the life of wrestler Anthony Robles, who was born with one leg and won a national championship in 2011 while competing at Arizona State University."
213. Arcadian,A father and his twin teenage sons fight to survive in a remote farmhouse at the end of the world.
214. Mahavatar Narsimha,The demon Hiranyakashyap seeks revenge on Vishnu and declares himself a god. His son Prahlad remains devoted to Vishnu. Vishnu manifests as Narsimha to defeat the demon and restore balance.
215. Uglies,A world in which a compulsory operation wipes out physical differences and makes everyone pretty.
216. Dreams,"Johanne documents her intense crush on her french teacher. Her mother, grandmother end up reading these intimate writings. They're both horrified by the contents but taken by the powerful writing and story. Johanne navigates romantic ideals vs reality, exploring emotions of self-discovery, love, sexuality."
217. Amber Alert,A ride-share turns into a high-stakes game of cat and mouse after it follows a car fitting the description of an AMBER ALERT.
218. Upgraded,"Ana, an ambitious intern at an art auction house in New York City, misrepresents herself to a handsome wealthy man as the director. As their romance develops, her deception creates challenges that threaten her career and relationship."
219. Sweet Dreams,"Follows Morris, who must coach a misfit softball team of his fellow housemates during his mandatory stay at Sweet Dreams sober living in order to get his life back on track."
220. 40 Acres,"In a post-apocalyptic world with food scarcity, a Black family of Canadian farmers descended from American Civil War migrants defend their homestead against cannibals trying to seize their resources."
221. The Killer's Game,"When a hitman is diagnosed with a terminal illness, he decides to take a hit out on himself. But when the very hitmen he hired also target his ex-girlfriend, he must fend off an army of assassin colleagues."
222. How to Make Millions Before Grandma Dies,"A man, driven by his desire for a multi-million dollar inheritance, begins to care for his terminally ill grandmother. However, winning her favor will not be an easy task and he is not the only one with an eye on the money."
223. Bob Trevino Likes It,"When lonely 20-something Lily Trevino accidentally befriends a stranger online who shares the same name as her own self-centered father, encouragement and support from this new Bob Trevino could change her life."
224. The First Omen,"A young American woman is sent to Rome to begin a life of service to the church, but encounters a darkness that causes her to question her faith and uncovers a terrifying conspiracy that hopes to bring about the birth of evil incarnate."
225. Jackpot!,"In the near future, a 'Grand Lottery' has been newly established in California - the catch: kill the winner before sundown to legally claim their multi-billion dollar jackpot."
226. Bramayugam,"Thevan, a folk singer of the Paanan caste, has a fateful encounter when escaping slavery, leading to him discovering an ancient traditional mansion altering his destiny."
227. The Master and Margarita,"A writer's novel is banned and play canceled. He then conceives a satirical novel where a devil-like character metaphorically revenges those responsible. Knowing it cannot be published, his muse Margarita pushes him to write it anyway."
228. The Strange Dark,"With her family's safety on the line, Susan must choose who to trust: her husband, who claims he can see the future, or the mysterious strangers at her door."
229. Wallace & Gromit: Vengeance Most Fowl,Top dog Gromit springs into action to save his master when Wallace's high-tech invention goes rogue and he is framed for a series of suspicious crimes.
230. Bookworm,"11-year-old Mildred's world is turned upside down when her estranged father, the washed-up magician Strawn Wise, comes to look after her and agrees to take her camping to find a mythological beast known as the Canterbury Panther."
231. A Family Affair,"A surprising romance kicks off comic consequences for a young woman, her mother, and her movie-star boss as they face the complications of love, sex, and identity."
232. Lisa Frankenstein,"A coming of RAGE love story about a teenager and her crush, who happens to be a corpse. After a set of horrific circumstances bring him back to life, the two embark on a journey to find love, happiness - and a few missing body parts."
233. Arthur the King,An adventure racer adopts a stray dog named Arthur to join him in an epic endurance race.
234. Hellboy: The Crooked Man,"Hellboy and a rookie B.P.R.D. agent in the 1950s are sent to the Appalachians, where they discover a remote community dominated by witches and led by the sinister local demon, the Crooked Man."
235. Winter Spring Summer or Fall,"Remi and Barnes, two very different teenagers, meet by chance in the winter of their senior year, then spend four days together over the course of a year that will change their lives forever."
236. Queen of the Ring,"In a time when pro wrestling for women was illegal all over the United States, a small town single mother embraces the danger as she dominates a peculiar American niche entertainment industry & becomes the first millionaire female athlete."
237. Sidelined: The QB and Me,A headstrong dancer and a cocky quarterback fight against their feelings for each other as their post-grad future threatens to keep them apart.
238. Role Play,"Emma has a wonderful husband and two kids in the suburbs of New Jersey. She also has a secret life as an assassin for hire, a secret that her husband Dave discovers when the couple decide to spice up their marriage with a little role play."
239. Girl Haunts Boy,"Follows Bea, a teenager ghost who forms a special friendship with Cole, the new guy in town, whose house she has been inhabiting for over 100 years."
240. The Cut,A retired boxer returns to the ring for one last shot at the title but only if he can make the weight. Holed up in a room in Las Vegas he embarks on an intensive and illegal weight cut program with an unscrupulous trainer.
241. Atlas,"In a bleak-sounding future, an A.I. soldier has determined that the only way to end war is to end humanity."
242. Culpa tuya,"Despite their parents' efforts to separate them, Noah and Nick's love seems unbreakable. However, work and college open their lives to new relationships."
243. Slingshot,"An astronaut struggles to maintain his grip on reality aboard a possibly fatally compromised mission to Saturn's moon, Titan."
244. Sister Midnight,A genre-bending comedy about a frustrated and misanthropic newlywed who discovers certain feral impulses that land her in unlikely situations.
245. Dirty Angels,It centers on a group of female soldiers who disguise themselves as medics to rescue a group of teenagers caught between ISIS and the forces of the Taliban.
246. All We Imagine as Light,"In Mumbai, Nurse Prabha's routine is troubled when she receives an unexpected gift from her estranged husband. Her younger roommate, Anu, tries in vain to find a spot in the city to be intimate with her boyfriend."
247. Greedy People,Follows the residents of a small island town who must navigate a sensational murder and the discovery of a million dollars; a series of increasingly bad decisions upend the once peaceful community.
248. Young Woman and the Sea,"The story of competitive swimmer Gertrude Ederle, who, in 1926, was the first woman to ever swim across the English Channel."
249. Charlotte,"Left alone with nowhere to go, Charlotte is picked up by an older man with questionable intentions."
250. The Platform 2,"A thrilling physical journey that allows an approach to the darkness, where it is scary to look. It appeals to the viewer's civil responsibility and forces them to face the limits of their own solidarity."
251. Scared to Death,"Jasper, a young filmmaker, seizes a chance to direct when his crew attends a seance in a haunted children's shelter. Trapped inside, they're haunted by ghostly orphans and a sinister force."
252. Damaged,Chicago detective Dan Lawson travels to Scotland to link up with Scottish detective Glen Boyd following the resurgence of a serial killer whose crimes match an unsolved case he investigated 5 years previously.
253. MadS,"A teenager stops off to see his dealer to test a new drug before heading off for a night of partying. On the way home, he picks up an injured woman and the night takes a surreal turn."
254. Lake George,"Two misfit oddballs embark on a road trip, strike a dubious deal too enticing to refuse, and find redemption amid shady circumstances."
255. Addition,"A woman counts everything because numbers hold her world together, but when a chance encounter with a man turns her world upside down, her meticulously ordered life starts to unravel."
256. Solo Leveling: ReAwakening,"Over a decade after 'gates' connecting worlds appeared, awakening 'hunters' with superpowers, weakest hunter Sung Jinwoo encounters a double dungeon and accepts a mysterious quest, becoming the only one able to level up, changing his fate."
257. Cloud,"Yoshii, a young man who resells goods online, finds himself at the center of a series of mysterious events that put his life at risk."
258. The Visitor,"A refugee arrives at the home of an upper-class family in London and seduces each member of the family. When he suddenly is gone, he leaves behind a void that the rest try to fill in different ways."
259. Santosh,"Newly widowed Santosh inherits her husband's job as a police constable in the rural badlands of Northern India. When a girl's body is found, she's pulled into the investigation under the wing of charismatic feminist inspector Sharma."
260. Kalki 2898 AD,A pregnant woman comes under the protection of an immortal warrior while being tracked down by bounty hunters.
261. Hard Truths,Ongoing exploration of the contemporary world with a tragicomic study of human strengths and weaknesses.
262. Apocalypse Z: The Beginning of the End,"Manel is sheltering from a rabies-like disease which sweeps the planet, until he is forced to leave and meet unlikely but essential traveling companions."
263. Cash Out,"Professional thief Mason attempts his biggest heist with his brother, robbing a bank. When it goes wrong, they're trapped inside surrounded by law enforcement. Tension rises as Mason negotiates with his ex-lover, the lead negotiator."
264. Lilly,About a courageous factory worker who fights for justice when cheated and mistreated by her company. Based on the life of Lilly Ledbetter.
265. Black Dog,"Released from jail, Lang returns to his hometown in Northwest China. As part of a dog patrol tasked with clearing stray dogs before the 2008 Olympics, he bonds with a black stray. The two lonely souls embark on a new journey together."
266. Sacramento,"An energetic and free-spirited young man convinces his long-time friend, who's settled into domestic life, to go on an impromptu road trip from Los Angeles to Sacramento."
267. The Thicket,"When a bounty hunter and a band of unlikely heroes pursue a brutal killer, they find themselves in a deadly no-man's-land known as The Thicket."
268. On Becoming a Guinea Fowl,"On an empty road in the middle of the night, Shula stumbles across the body of her uncle. As funeral proceedings begin around them, she and her cousins bring to light the buried secrets of their middle-class Zambian family."
269. Rebel Moon - Part Two: The Scargiver,"Kora and surviving warriors prepare to defend Veldt, their new home, alongside its people against the Realm. The warriors face their pasts, revealing their motivations before the Realm's forces arrive to crush the growing rebellion."
270. My Spy: The Eternal City,"JJ, a veteran CIA agent, reunites with his protégé Sophie, in order to prevent a catastrophic nuclear scheme threatening Vatican City, which disrupts a high school choir trip to Italy."
271. Sew Torn,"A seamstress gets tangled in her own thread after stealing a briefcase from a drug deal gone bad. In an escalating game of cat and mouse, her different choices lead to drastically different outcomes along the way."
272. The Severed Sun,"Magpie lives in an isolated church community ruled over by her father, The Pastor. When a man is murdered, paranoia sets in and people start to whisper about a strange 'Beast' that lives in the forest."
273. Frewaka,"Follow a student of nursing palliative care, who is plagued by a trauma from her past that has a disorienting effect on her present, her relationship, her career and her ability to function."
274. Old Guy,"Follows a contract killer facing the end of his career who is thrilled when The Company pulls him back into the field training Gen Z newcomer Wihlborg, a prodigy assassin with an attitude."
275. The Beast Within,"After a series of strange events leads her to question her family's isolated life on a fortified compound deep in the English wilds, 10-year-old Willow follows her parents on one of their secret late-night treks to the heart of the forest."
276. The Day the Earth Blew Up: A Looney Tunes Movie,Porky Pig and Daffy Duck are Earth's only hope when facing the threat of alien invasion.
277. Hounds of War,"After a mission goes wrong, only one of a group of mercenaries is left alive to take revenge for his brothers."
278. Uma Musume: Pretty Derby - Beginning of a New Era,"Uma Musume - they were born to run. Born with names from other worlds, sometimes with strange, sometimes with glorious histories, they inherit the souls of these names and run. Aiming only at the goal beyond our eyes."
279. Winter in Sokcho,"A young Korean girl's life takes an unexpected turn when a French artist visits her country, disrupting her routine."
280. Went Up the Hill,"Jack ventures to remote New Zealand for the funeral of his estranged mother and meets her widow Jill. But his mother's spirit returns to inhabit each of their bodies, instigating a life-threatening three-way nocturnal dance."
281. Killer Heat,"Follows twin brothers who find themselves in a dangerous love triangle on an isolated Greek island. The investigation is given to ""The Jealousy Man,"" a wounded detective."
282. F*** Marry Kill,"As a serial killer targets women on dating apps, a true-crime junkie must figure out which of her three dates is a f-boy, marriage material, or is trying to kill her."
283. Tina,"A woman, grieving her daughter's death in the Christchurch quakes, becomes a substitute teacher at an elite school. Unexpectedly, she discovers students lacking guidance and care, prompting her to provide inspiration and support."
284. Woodwalkers,"Carag, a shapeshifting puma raised in the wild, joins Clearwater High, a school for Woodwalkers. With friends Holly (squirrel) and Brandon (bison), he navigates mysteries and dangers of the Woodwalker world."
285. Joy,"3 trailblazers: a young nurse, a visionary scientist and an innovative surgeon face opposition from the church, state, media, and medical establishment in their pursuit of the world's first 'test tube baby,' Louise Joy Brown."
286. In a Violent Nature,"When a locket is removed from a collapsed fire tower in the woods that entombs the rotting corpse of Johnny, a vengeful spirit spurred on by a horrific 70-year old crime, his body is resurrected and becomes hellbent on retrieving it."
287. Uprising,"In the Joseon Dynasty, two friends who grew up together, one the master and one the servant, reunite post-war as enemies on opposing sides."
288. Unfrosted,"In 1963 Michigan, business rivals Kellogg's and Post compete to create a cake that could change breakfast forever."
289. Turn Me On,"Under the control of a pill that eradicates human emotion, a young couple skip doses and discover new feelings, but realize that comes with emotional baggage to deal with."
290. The Children's Train,A seven-year-old boy named Amerigo who in 1946 leaves his impoverished family in Naples and gets on a train to go live with a wealthier family in the north as part of a postwar initiative to rescue children from poverty.
291. Loveable,"Maria juggles with four children and a demanding career while her second husband, Sigmund, travels all the time. One day they get into an ugly argument which led Sigmund to eventually ask her for a divorce."
292. Long Gone Heroes,"A special forces soldier who has given up country, religion, and even hope, must return to the field of battle to track down his niece, a reporter, caught in the middle of an illegal private contracting operation that went dead wrong."
293. Spellbound,"Ellian is a tenacious princess who must go on a daring quest to save her family and kingdom after a mysterious spell transforms her parents, the King and Queen of Lumbria, into monsters."
294. Beneath the Light,"Jacob takes a job at an isolated lighthouse, hoping to reconnect with a childhood friend. As strange events unfold, he grapples with reality, anxiety, and fractured memories while finding romance and an unexpected bond with the owner."
295. Eephus,"Grown men's recreational baseball game stretches to extra innings on their beloved field's final day before demolition. Humor and nostalgia intertwine as daylight fades, signaling an era's end."
296. How to Make a Killing,"After a fatal car crash, Michel flees the scene. His passenger commits suicide. Michel and wife Cathy find EUR2M in a bag while covering up the incident, leading to a series of chaotic events."
297. Bring Them Down,"An Irish shepherding family thrust into battle on several fronts: internal strife, hostility within the family, rivalry with another farmer. Paternalism, heritage, and the generational trauma cycle through the cultural prism of Ireland."
298. Reunion,"Snowbound at their high school reunion, former classmates uncover a murder and scramble to identify the killer among them before they're all iced out for good."
299. The End,"In a luxurious bunker, a family maintains their pre-apocalyptic routines 25 years after Earth's ecological disaster made the surface uninhabitable."
300. Misericordia,"Returning to Saint-Martial for his late boss's funeral, Jérémie's stay with widow Martine becomes entangled in a disappearance, a threatening neighbor, and an abbot's shady intentions."
301. Empire Waist,Follows a group of teens learning to love their bodies through inclusive fashion design and friendship.
302. Lucky Baskhar,A cash-strapped cashier working at a bank embarks on a risky investment scheme and soon gets drawn into the murky world of money laundering.
303. Reagan,"A drama based on the life of Ronald Reagan, from his childhood to his time in the oval office."
304. Mr. K,"After spending the night in a remote hotel, Mr. K is stuck in a claustrophobic nightmare when he discovers that he can't leave the building."
305. Night Swim,"A family moves into a new home, unaware that a dark secret from the house's past will unleash a malevolent force in the backyard pool."
306. Please Don't Feed the Children,"A gang of orphans travels to the south in quest of a new life after a viral outbreak decimates the adult population of the nation, only to find themselves at the mercy of a psychotic woman who is hiding a perilous secret."
307. Lilies Not for Me,"A gay novelist and his psychiatric nurse bond over a series of ""dates"" prescribed to ""cure"" his homosexuality. He tells her how his previous relationship degenerated when his partner tried a risky procedure to become heterosexual."
308. Succubus,"A new father struggling with fatigue, emotional insecurities, and a failing marriage joins a dating app, only to swipe right on what may be an inhuman presence."
309. The Devil's Bath,"Austria in the 18th century. Forests surround villages. Killing a baby gets a woman sentenced to death. Agnes readies for married life with her beloved. But her mind and heart grow heavy. A gloomy path alone, evil thoughts arising."
310. Jane Austen Wrecked My Life,"A desperately single bookseller, lost in a fantasy world, finds herself forced to fulfill her dreams of becoming a writer in order to stop messing up her love life."
311. The Forge,"After graduating from high school without any plans for the future, Isaiah receives a push to start making better life decisions."
312. Psycho Therapy: The Shallow Tale of a Writer Who Decided to Write about a Serial Killer,"A writer in a creative crisis befriends a retired serial killer, who becomes his marriage therapist and consultant for a new book. But his wife begins to suspect she might be a target."
313. Cabrini,"After witnessing disease and poverty in the slums of New York, Italian immigrant Francesca Cabrini embarks on a daring journey to persuade the hostile mayor to provide housing and healthcare for hundreds of orphaned children."
314. Macbeth,"Macbeth encounters witches who foretell his kingship. Lady Macbeth hatches a plot to seize the throne. Guilt and paranoia consume them as rebellion and Lady Macbeth's spiral lead to their downfall, prophecies' sinister unraveling."
315. Traumatika,Mikey's night terrors become reality when his mother begins showing signs of demonic possession. What he's about to experience will haunt him for the rest of his life and claim countless lives across generations.
316. Universal Language,An absurdist triptych of seemingly unconnected stories finds a mysterious point of intersection in this tale set somewhere between Winnipeg and Tehran.
317. Armand,"Armand, a 6-year-old boy, is accused of crossing boundaries against his best friend at elementary school."
318. Twilight of the Warriors: Walled In,"Follows troubled youth Chan Lok-kwun as he accidentally enters the Walled City, discovers the order amidst its chaos, and learns important life lessons along the way."
319. Ghostlight,"When a construction worker unexpectedly joins a local theater's production of Romeo and Juliet, the drama onstage starts to mirror his own life."
320. The Damned,"A 19th-century widow has to make an impossible choice when, during an especially cruel winter, a foreign ship sinks off the coast of her Icelandic fishing village."
321. Afternoons of Solitude,"Explores the spiritual pain of bullfighting, the tormented torero in a ring, one of the most excessive and graphic examples of the origin of Southern European civilization"
322. Afraid,The Pike family is selected to test a new home device: a digital assistant called AIA. AIA learns the family's behaviors and begins to anticipate their needs. And she can make sure nothing - and no one - gets in her family's way.
323. Aftermath,"A returning war veteran, stricken with PTSD, unwittingly gets trapped with his teenage sister on Boston's Tobin Memorial Bridge as a heavily weaponized group of ex-military revolutionists take everyone hostage."
324. Dìdi,"In 2008, during the last month of summer before high school begins, an impressionable 13-year-old Taiwanese American boy learns what his family can't teach him: how to skate, how to flirt, and how to love your mom."
325. Vermiglio,"1944, Vermiglio, a remote mountain village. The arrival of Pietro, a deserter, into the family of the local teacher, and his love for the teacher's eldest daughter, will change the course of everyone's life."
326. Waltzing with Brando,"Marlon Brando pulls idealistic Los Angeles architect Bernard Judge from his ordinary life and persuades him to design the world's first ecologically perfect retreat on a tiny, inhospitable Tahitian island."
327. Stree 2: Sarkate Ka Aatank,"After the events of Stree, the town of Chanderi is being haunted again. This time, women are mysteriously abducted by a terrifying headless entity. Once again, it's up to Vicky and his friends to save their town and loved ones."
328. Watchmen: Chapter II,"In an alternate 1985 America, a group of retired superheroes investigate a conspiracy after one of their own is murdered."
329. Superboys of Malegaon,"The journey of an aspiring filmmaker as he bands together his group of friends to make a film for his town, Malegaon."
330. Pushpa: The Rule - Part 2,"A smuggling kingpin faces off against a vengeful rival while manipulating politics, making big deals, and navigating tense confrontations. A public apology leads to a dramatic showdown, ending with challenge."
331. Force of Nature,Five women participate in a hiking retreat but only four come out the other side. Federal agents Aaron Falk and Carmen Cooper head into the mountains hoping to find their informant still alive.
332. Time Cut,High school student accidentally travels back to 2003 and decides to stop the serial killer who murdered her sister.
333. Bull Run,"In the wilds of Wall Street, one junior banker discovers that the only thing more dangerous than billion-dollar deals are the men signing them."
334. Blade of Fury,"Knife catcher Pei Xing originally exchanged his life for money as bounty hunter, but after witnessing the killing of people who stood up for justice, he gradually awakened and decided to fight back."
335. The Greatest Hits,"A love story centering on the connection between music and memory and how they transport us, sometimes literally."
336. The Exorcism,A troubled actor begins to exhibit a disruptive behavior while shooting a horror film. His estranged daughter wonders if he's slipping back into his past addictions or if there's something more sinister at play.
337. The Silent Hour,A detective with hearing loss and a deaf witness to a murder must lean on each other to outsmart killers they can't hear coming when cornered in an abandoned apartment block.
338. Marco,"The adoptive son of the Adattu family, Marco, sets off on a ruthless quest for vengeance after his brother is brutally murdered, finding only betrayal, loss and unimaginable brutality at every step."
339. Harold and the Purple Crayon,"Inside of his book, adventurous Harold can make anything come to life simply by drawing it. After he grows up and draws himself off the book's pages and into the physical world, Harold finds he has a lot to learn about real life."
340. Good One,"During a weekend backpacking trip in the Catskills, 17-year-old Sam navigates the clash of egos between her father and his oldest friend."
341. Lowlifes,The survival instincts of a road-tripping family are put to the test when they have no other choice but to stay the night at a remote homestead.
342. Suncoast,"While caring for her brother along with her audacious mother, a teenager strikes up a friendship with an eccentric activist who is protesting one of the most landmark medical cases of all time."
343. The Marching Band,"Acclaimed conductor Thibaut has leukemia and needs a bone marrow donor. Learning he was adopted, he finds an older brother, a musician and factory worker. Their reunion sparks a fraternal, musical journey amidst the town's factory closure."
344. Millers in Marriage,"A tale of three middle-aged married couples coming to grips with universal questions about marriage and fidelity, professional success and failure, and the challenge of finding a second act."
345. K-Pops!,"Follows a washed-up musician who jumps at the chance to capitalize on his long-lost son's stardom for his own renaissance, but learns that fatherhood is much more than stardom."
346. Article 370,"Ahead of a major constitutional decision, special agent Zooni Haksar is tasked with a secret mission to quell violence in a conflict-ridden region."
347. Girls Will Be Girls,"At a strict boarding school nestled in the Himalayan foothills, 18-year-old Mira first discovers desire and romance. However, her curious, rebellious, coming-of-age is disrupted by her young mother, who never got to come of age herself."
348. Scoop,"An insider account of how BBC Newsnight obtained the bombshell interview with Prince Andrew about his friendship with convicted sex offender, Jeffrey Epstein."
349. William Tell,"The narrative unfolds in the 14th Century amidst the days of the Holy Roman Empire where Europe's nations fiercely vie for supremacy and the ambitious Austrians, desiring more land, encroach upon Switzerland, a serene and pastoral nation."
350. Love Me Dead,"Reclusive mortician Issac forms bond with waitress Cassi. After harrowing incident, they embark on a path of revenge, blurring lines between reality and fiction in this psychological thriller's tense narrative."
351. The Tearsmith,Sometimes our greatest fear is accepting that someone can honestly love us for who we are. Nica and Rigel are ready to find it out together.
352. The Balconettes,Three women in a Marseille apartment get stuck in a heat wave. They find themselves trapped in a terrifying affair and longing for freedom.
353. Hell Hole,"Hell Hole hails from the filmmaking family behind Hellbender and centers on an American-led fracking crew that uncovers a living French soldier frozen in time from a Napoleonic campaign, whose body hosts a parasitic monster."
354. Get Away,A family's vacation to a remote getaway takes an unexpected turn when they discover the island they're on is inhabited by a serial killer.
355. Griffin in Summer,"Fourteen-year-old Griffin Nafly is the most ambitious playwright of his generation. But once he meets handsome twenty-five-year-old handyman Brad, his life and play will never be the same."
356. All That We Love,"Upon the loss of her beloved dog, Emma faces an empty nest and renewed feelings for her estranged ex-husband, as she navigates the joy and sorrow of starting anew."
357. Long Distance,"It follows an asteroid miner who, after crash-landing on an alien planet, must make his way across the harsh terrain, running out of oxygen, hunted by strange creatures, to the only other survivor."
358. Milk & Serial,A surprise birthday prank takes a turn for the worse when a popular social media duo must face the reality of the terrifying aftermath.
359. Love,"Marianne, a doctor, and Tor, a nurse, avoid relationships. After meeting on a ferry where Tor seeks casual encounters, Marianne explores the possibility of spontaneous intimacy, questioning societal norms."
"360. Oh, Canada","Leonard Fife, one of sixty thousand draft evaders and deserters who fled to Canada to avoid serving in Vietnam, shares all his secrets to de-mythologize his mythologized life."
361. Werewolves,"After a worldwide pandemic the previous year of people turning into werewolves after a super-moon event, two scientists try to stop the mutation from happening again as part of a team effort, but the experiment goes wildly awry."
362. The Remarkable Life of Ibelin,"Mats Steen, a Norwegian gamer, died of a degenerative muscular disease at the age of 25. His parents mourned what they thought had been a lonely and isolated life, when they started receiving messages from online friends around the world."
363. Take Cover,A burned-out professional sniper finds himself trapped in an all-glass penthouse by a lethal competitor and must find a way to survive and escape with little to no cover between him and the killer.
364. Bagman,"When a sinister threat from his childhood returns to haunt him, a father desperately struggles against his deepest inner fear. Only this time, the fight isn't for himself; it's for his family."
365. Meiyazhagan,A man's life is changed when he bumps into someone from his hometown in this moving Tamil-language drama; gentle scenes are occasionally punctuated by sporting threat and recollections of violence.
366. My Undesirable Friends: Part I - Last Air in Moscow,"Julia Loktev documents independent journalists in Moscow facing government crackdown as Russia invades Ukraine, capturing their fight for speech amid risks of being branded ""foreign agents"" and the country's drift towards authoritarianism."
367. Lazareth,"Lee protects her orphaned nieces Imogen and Maeve from a self-destructing world, raising them in isolation until an outsider threatens their peaceful existence."
368. I Wish You All the Best,"After being kicked out of the house by their parents, a teen embarks upon a journey of self-discovery that teaches them about love, friendship, and family."
369. The M Factor: Shredding the Silence on Menopause,"Menopause is a silent epidemic affecting the health and well-being of millions of women. This film confronts this neglected crisis, challenges societal and medical shortcomings and advocates for a revolutionary approach to women's health."
370. On Falling,"The story focuses on Aurora, a Portuguese worker in a Scottish warehouse, navigating loneliness and alienation in an algorithm-driven gig economy as she seeks meaning and connection amidst solitude and workplace confines."
371. Goodrich,"Andy Goodrich's life is upended when his wife enters a rehab program, leaving him on his own with their young kids. Goodrich leans on Grace, his daughter from his first marriage, as he ultimately evolves into the father she never had."
372. Lost on a Mountain in Maine,"A 12-year-old boy, separated from his family by a fast-moving storm, must fight to stay alive during his nine-day adventure lost in the backwoods of Maine."
373. Sharp Corner,A dedicated family man becomes obsessed with saving the lives of the car accident victims on the sharp corner in front of his house - an obsession that could cost him everything.
374. Bad Genius,A group of seniors of an entrepreneurial high school team up to take down a rigged college admissions system.
375. Caught by the Tides,"A Chinese woman lives for herself in silence, celebrating the prosperous Belle Epoque with songs and dance."
376. Motel Destino,"Under the burning sky on a roadside on the coast of Ceará, Motel Destino is the scene of dangerous games of desire, power and violence. One night, the arrival of young Heraldo definitively transforms the daily life of the place."
377. Sebastian,"Max, a 25-year-old aspiring writer living in London, begins a double life as a sex worker in order to research his debut novel."
378. Bad Shabbos,An engaged interfaith couple are about to have their parents meet for the first time over a Shabbat dinner when an accidental death gets in the way.
379. In the Summers,"On a journey that spans the formative years of their lives, two sisters navigate their loving but volatile father during their yearly summer visits to his home in Las Cruces, New Mexico."
380. Peacock,"Matthias masters impersonating roles for hire: cultured boyfriend, perfect son, sparring partner. Professionally adept at pretending daily, his true challenge lies in being himself."
381. The Wailing,A group of young people inadvertently resurrect a seemingly invisible evil.
382. Red Right Hand,"Cash is trying to live an honest and quiet life, but when Big Cat forces him back into her services, he proves capable of anything to protect the town and the only family he has left."
383. Soundtrack to a Coup d'Etat,Jazz and decolonization are entwined in this historical rollercoaster that rewrites the Cold War episode that led musicians Abbey Lincoln and Max Roach to crash the UN Security Council in protest against the murder of Patrice Lumumba.
384. Dead Talents Society,Follows ghosts who want to become the spookiest of urban legends and most successful and famous stars in the underworld through their scare tactics and performances amongst the living.
385. Take My Hand,"At the peak of her career in London, an Australian woman is diagnosed with MS. After losing her job and the death of her husband, she moves home with her three sons, where a chance encounter with a childhood sweetheart changes her life."
386. Sex,Follows two colleagues who in different ways struggle with the same issues about their sexuality.
387. Lonely Planet,"At a retreat in Morocco, a woman meets a young man whose acquaintanceship evolves into an intoxicating, life-altering love affair."
388. When Fall Is Coming,"Michelle, a retiree in Burgundy, expects her grandson Lucas but a mistake ruins her plans. Her friend Marie-Claude's son is released from prison, reviving Michelle's purpose."
389. Poison,A love story about a couple reunited years after tragedy drove them apart. Their brief and intense meeting brings simmering pain and resentment to the surface but is a reminder too of cherished intimacies and the love they once shared.
390. Trigger Warning,"A special forces commando returns to her hometown after her father's sudden death, only to run afoul of a violent gang when she starts asking questions."
391. You Can't Run Forever,A teenage girl suffering from anxiety due to a tragic event from her past finds herself hunted through the woods by a sociopath on a murderous rampage.
392. Outside,"A family seeks refuge on an isolated farm during a zombie apocalypse, but long-buried secrets strain their relationships as they struggle to survive."
393. Ullozhukku,"A family's attempt to bury a loved one is thwarted by floodwaters, forcing them to confront long-buried secrets and lies that threaten their unity."
394. Noise,A woman with a hearing impediment is haunted by sounds linking to her sister's disappearance and the presence of a malevolent spirit.
395. Players,"A sports writer unused to relationships falls for a fling, leading her to reconsider playing the field in favor of commitment."
396. KA,"In a village where the sun sinks below the horizon by 3 PM, darkness creeps in early, bringing with it a chilling wave of inexplicable horrors."
397. Monster Island,"Set in the Pacific, 1942. A Japanese soldier and a British prisoner of war are stranded on a deserted island, hunted by a deadly creature. Two mortal enemies must come together to survive the unknown."
398. Souleymane's Story,A Paris food delivery cyclist and asylum seeker named Souleymane has two days to prepare his story for a make-or-break interview to secure legal residency.
399. Taboo: Family Secrets,"The infidelities by patriarch Lukas divide the family. His Son Tyler visit sparks a taboo relationship with his stepmother Amanda, forever altering the dynamics and loyalties after certain revelations."
400. Don't Let's Go to the Dogs Tonight,Depicts 8-year-old Bobo's life on her family's Rhodesian farm during the Bush War's final stages. It explores the family's bond with Africa's land and the war's impact on the region and individuals through Bobo's perspective.
401. A Desert,"A photographer's road trip takes a dark turn when he befriends a reckless couple, plunging him into a nightmarish neo-noir spiral of unpredictable horror."
402. Weekend in Taipei,"A former DEA agent and a former undercover operative revisit their romance during a fateful weekend in Taipei, unaware of the dangerous consequences of their past."
403. Will & Harper,"In this intimate portrayal of friendship, transition and America, Will Ferrell and his close friend of thirty years decide to go on a cross-country road trip to explore a new chapter in their relationship."
404. The Train of Death,"Bloody terror wiped out the Sangkara Train carriages one by one, putting passengers at risk of life and death."
405. Winner,Winner is a brilliant young misfit from Texas who finds her morals challenged while serving in the U.S. Air Force and working as an NSA contractor.
406. Lollipop,"Molly, a young woman released from prison, struggles to regain custody of her children. When she bumps into her childhood friend Amina the two women soon realize their only chance is to join forces and take destiny into their own hands."
407. Bonjour Tristesse,Cécile's relaxing summer with her father in the south of France is upended by the arrival of the enigmatic Anne.
408. La Cocina,"In the heart of a bustling Times Square kitchen, dreams and desperation collide as the staff each chase the elusive American dream."
409. The Last Front,"Amidst World War I's chaos, a grieving father turns hero, leading villagers to safety while evading a relentless enemy driven by vengeance."
410. Piece by Piece,"A vibrant journey through the life of Pharrell Williams, told through the lens of Lego animation."
411. The Piano Lesson,"Follows the lives of the Charles family as they deal with themes of family legacy and more, in deciding what to do with an heirloom, the family piano."
412. Boneyard,Inspired by the true events of a serial killer that may still be out there today.
413. Magpie,A couple find their lives turned upside-down when their daughter is cast alongside a controversial major star.
414. The Wasp,"Follows Heather and Carla, who meet after having not spoken in years. Heather is about to present a very unexpected proposition that could change their lives forever."
415. Sound of Hope: The Story of Possum Trot,"The true story of Donna and Reverend WC Martin and their church in East Texas, in which 22 families adopted 77 children from the local foster system, igniting a movement for vulnerable children everywhere."
416. Handling the Undead,"On a hot summer day in Oslo, the dead mysteriously awaken, and three families are thrown into chaos when their deceased loved ones come back to them."
417. Cellar Door,"Looking for a fresh start after a miscarriage, a couple find themselves being gifted the house of their dreams with one caveat - they can never open the cellar door. Whether they can live without knowing triggers shocking consequences."
"418. Thank You, Dr. Fauci",Award-winning documentarian Jenner Furst seeks answers from Dr. Fauci about the origins of COVID-19
419. Fighter,A reckless yet brilliant squadron leader and his team of elite fighter pilots face mortal dangers and inner demons as they unite for a deadly mission.
420. That Christmas,"It's an unforgettable Christmas for the townsfolk of Wellington-on-Sea when the worst snowstorm in history alters everyone's plans, including Santa's."
421. Let's Start a Cult,"After missing out on a long-awaited mass suicide, an obnoxious cult member teams up with his former leader to gain a new following."
422. The Tiger's Apprentice,"Tom Lee, a Chinese-American boy, after the death of his grandmother, has to be apprenticed to the talking tiger Mr. Hu and learn ancient magic to become the new guardian of an ancient phoenix."
423. Scurry,"Two strangers who find themselves trapped underground when the city is attacked by a monstrous threat. Badly injured with limited resources they must navigate a treacherous, narrowing tunnel in hopes of finding an exit."
424. Diamonds,A director calls all his favorite actresses to film a movie set in Rome in the 70s that tells the vicissitudes revolving around a prestigious tailoring.
425. Chime,A school teacher is woken by a sound that fills him with dread.
426. Sumala,"Sumala, a name that is feared by people in a village in Semarang Regency from the past until now. No one dares to go out when night falls because Sumala will come to kill."
427. Romance on the Ranch,"Sara sells her place and buys a camper to find happiness. Her truck breaks down, and she meets two brothers, Porter and Aiden, who smitten with her and soon she begins to have feelings for them both."
428. Rita,"A new wife Rita, who finds herself alone when husband Ariel works abroad. They both find sexual satisfaction in other people. When Ariel comes back, they both act like nothing happened. But will this keep their marriage from falling apart?"
429. Through My Window: Looking at You,"After the events of the summer, Ares and Raquel can't find a way to carry on their relationship and decide to go their separate ways. When they see each other again in winter, the love and attraction they feel for each other is undeniable."
430. Drive Back,A couple returning from their engagement party must escape a sinister and seemingly endless road.
431. Manas,"Aware that the future does not hold many options for her in a riverside community on Marajó Island, a 13-year-old girl decides to confront the violent machinery that governs her family and the women in her community."
432. Orion and the Dark,"A boy with an active imagination faces his fears on an unforgettable journey through the night with his new friend: a giant, smiling creature named Dark."
433. Messy,"Follows the life of brutally self-aware, promiscuous, love addict Stella Fox, who moves to New York after a devastating breakup, and all her disappointing romantic dalliances over the course of a summer."
434. Kiskisan,"Steamy tale of love, lust, and betrayal. When Adele's sister Bea returns with her girlfriend Cheska, a secret affair begins between Cheska and Adele's boyfriend, Rener, leading to a climactic ending when they're caught."
435. Queen of Bones,"In 1931 Oregon, twins Lily and Sam defy their father's silence to uncover the dark supernatural ties behind their mother's death on their isolated homestead."
436. Madgaon Express,The journey of three childhood friends who embark on a trip to Goa that goes completely off-track.
437. Justice League: Crisis on Infinite Earths - Part Three,"Trapped in a pocket universe, surviving Earths face annihilation by the Anti-Monitor. Time shatters, bringing past heroes to aid Justice League against the epitome of evil. Their sacrifice may lead to victory."
438. Harvest,"Over seven hallucinatory days, a village with no name, in an undefined time and place, disappears."
439. Road Diary: Bruce Springsteen and the E Street Band,"Bruce Springsteen and E Street Band showcase the process of creating their live performances, sharing footage from band rehearsals, behind-the-scenes moments, rare clips, and personal reflections from Springsteen himself."
440. Irish Wish,"When the love of Maddie's life gets engaged to her best friend, she puts her feelings aside to be a bridesmaid at their wedding in Ireland."
441. The Goat Life,"An Indian man seeking work follows a job lead to Saudi Arabia, only to find himself forced to labor without pay as a goat herder in the remote desert."
442. Familiar Touch,"An octogenarian woman transitions to life in assisted living as she contends with her conflicting relationship to herself and her caregivers amidst her shifting memory, age identity, and desires."
443. Your Monster,"After her life falls apart, soft-spoken actress Laura Franco finds her voice again when she meets a terrifying, yet weirdly charming Monster living in her closet. A romantic-comedy-horror film about falling in love with your inner rage."
444. Midas Man,"On Thursday 9 November 1961, a man named Brian descended the stairs to a cellar in Liverpool and changed the world forever."
445. Skincare,"Famed aesthetician Hope Goldman's skincare business faces sabotage when rival Angel Vergara opens a boutique across the street. Aided by friend Jordan, Hope seeks to uncover who's trying to ruin her reputation."
446. El 47,"Inspired on the true story of Manolo Vital, a bus driver who helped create the modern Barcelona during the 1970s city's boom."
447. Dead Mail,"An ominous help note finds its way to a 1980s post office, connecting a dead letter investigator to a kidnapped keyboard technician."
448. Happyend,"In near-future Tokyo, the threat of a catastrophic quake looms. Two friends prank their principal before graduation, leading to school surveillance installation."
449. Black Box Diaries,"Journalist Shiori Ito investigates her own sexual assault, seeking to prosecute the high-profile offender. Her quest becomes a landmark case, exposing Japan's outdated judicial and societal systems."
450. Binny and Family,Rebellious teenage Binny and her conservative grandfather from Bihar connect after a dramatic incident. Can the contrasting personalities bridge generational gaps and impact each other's lives?
451. Descendants: The Rise of Red,"After the Queen of Hearts incites a coup in Auradon, her rebellious daughter, Red, and Cinderella's perfectionist daughter, Chloe, must team up and travel in time to undo the traumatic event that drove a young Queen of Hearts to villainy."
452. Under Paris,"To save Paris from a bloodbath, a grieving scientist is forced to face her tragic past when a giant shark appears in the Seine."
453. Dear Santa,"When a young boy mails his Christmas wish list to Santa with one crucial spelling error, a devilish Jack Black arrives to wreak havoc on the holidays."
454. Beautiful Wedding,"After a crazy night in Las Vegas, Abby and Travis discover that they're married, and they head to Mexico for a honeymoon with friends and family."
455. The Ballad of Suzanne Césaire,"An actress, three months post-partum, reads through fragments of the archive of Suzanne Césaire as she prepares to perform excerpts of the writer's work."
456. Justice League: Crisis on Infinite Earths - Part One,"The Anti-Monitor, the Monitor's evil counterpart, is released into the DC Multiverse and begins to destroy the different Earths that compose it. The Monitor attempts to recruit heroes from across the Multiverse to fight back."
457. Sugarcane,An investigation into abuse and missing children at an Indian residential school sparks a reckoning on the nearby Sugarcane Reserve.
458. Sunlight,"A hilariously dark and unconventional love story, following two people on the edge of life who find purpose and romance through an unlikely connection, escaping the darkness in search of some sunlight."
459. Music by John Williams,Follows the life of legendary composer John Williams.
460. Up the Catalogue,"An ambitiously small film set in a fictional shopping channel by the name of 4QTV. Tasked with flogging an endless cycle of questionable products, star presenter, Hailey Cartin, is starting to fear she might be trapped in live television."
461. Canary Black,It follows Avery Graves as she is blackmailed by terrorists into betraying her own country to save her kidnapped husband.
462. Boys Go to Jupiter,"A teenager in suburban Florida desperately hustles to make $5,000 in this dreamy and surreal animated coming-of-age story."
463. Vampire Zombies... From Space!,"In 1957, the small town of Marlow is under attack by: see title"
464. The Prosecutor,"A poor young man is wrongly charged with drug trafficking after being deceived. An ex-prosecutor investigates the case, uncovers a corrupt lawyer team's scheme, and restores justice despite obstruction from evil forces."
465. Megamind vs. The Doom Syndicate,"Megamind's former villain team, The Doom Syndicate, has returned. Newly crowned hero Megamind's must now keep up evil appearances until he can assemble his friends to stop his former evil teammates from launching Metro City to the Moon."
466. Imaginary,A woman returns to her childhood home to discover that the imaginary friend she left behind is very real and unhappy that she abandoned him.
467. Azrael,"In a world where no one speaks, a devout female-led community hunts down a young woman who has escaped imprisonment. Recaptured, Azrael is due to be sacrificed to an ancient evil in the wilderness, but fights for her own survival."
468. My Penguin Friend,"Inspired by a true story; an enchanting adventure about a lost penguin rescued from an oil spill, who transforms the life of a heartbroken fisherman. They soon become unlikely friends, so bonded that even the vast ocean cannot divide them."
469. Out of My Mind,"Melody Brooks is navigating sixth grade as a nonverbal wheelchair user who has cerebral palsy. With the help of some assistive technology and her devoted allies, Melody shows that what she has to say is more important than how she says it."
470. Seeking Haven for Mr. Rambo,"On a quest to save Rambo, his dog and best friend; Hassan is forced to confront the fears of his past and rediscovers himself."
471. Am I Racist?,"A man investigates diversity, equity and inclusion practices, revealing absurdities through hidden social experiments."
472. My Dead Friend Zoe,"Engaged in a mysterious relationship with her dead best friend from the Army, a female Afghanistan veteran comes head to head with her Vietnam vet grandfather at the family's ancestral lake house."
473. My Favourite Cake,"Seventy-year-old Mahin, solitary until now, chooses to revive her love life. A chance encounter becomes an unforgettable evening."
474. Angammal,"In a Tamil Nadu village, a man struggles to accept his blouseless mother's traditional attire, leading to complications before his in-laws' visit"
475. Silent Love,"Just love. In this complicated and muddy age, this is the most sad love story of this winter, gently holding up a transparent pure love."
476. Do Patti,Twin sisters harbouring deep secrets and a determined police inspector seeking to uncover the truth in an attempted murder case.
477. Manjummel Boys,"A group of friends get into a daring rescue mission to save their friend from Guna Caves, a perilously deep pit from where nobody has ever been brought back."
478. Apocalypse in the Tropics,An exploration of the profound impact of evangelism on Brazil's political landscape.
479. Architecton,"An extraordinary journey through the material that makes up our habitat: concrete and its ancestor, stone."
480. The Shadow Strays,"Codename 13, a 17-year-old assassin, is suspended due to a sloppy mission in Japan. She meets 11-year-old Monji, who loses his mother, and sets out to rescue him."
481. Elyas,A former Special Forces soldier who has become solitary and paranoid since serving Afghanistan and recruited to provide the security for Amina and her daughter Nour.
482. Humane,"In the wake of an environmental collapse that is forcing humanity to shed 20% of its population, a family dinner erupts into chaos when a father's plan to enlist in the government's new euthanasia program goes horribly awry."
483. Die Alone,Tells the story of a young man who has amnesia. He bands together with a rugged survivalist in a zombie-like outbreak to find his girlfriend.
484. Bang Bang,"Follows 'Bang Bang' Rozyski, an eccentric retired pugilist obsessed with rectifying the sins of his past."
"485. Canadian, Sniper","While attempting to peacefully reintegrate into civilian life, an army sniper struggles to discern reality from the haunting uncertainty of P.T.S.D."
486. What Happened to Dorothy Bell?,"Ozzie Gray video documents her investigation into the traumatic events from her early childhood, which involved her late grandmother, Dorothy Bell."
487. Krazy House,"Set in the 1990s, Krazy House follows religious homemaker Bernie and his sitcom family. When Russian workers in Bernie's house turn out to be wanted criminals, Bernie has to man up and save his imprisoned family, while slowly going crazy."
488. Officer Black Belt,A talented martial artist who can't walk past a person in need unites with a probation officer to fight and prevent crime as a martial arts officer.
489. Lover Stalker Killer,"In this twisting documentary, a mechanic tries online dating for the first time and meets a woman who takes romantic obsession to a deadly extreme."
490. This Is Me... Now,This narrative-driven odyssey that coincides with the release of her same-named album tells the story of Jennifer Lopez's journey to love through her own eyes.
491. Inside,"Transferred from juvenile to adult prison, Mel is taken under the wing of both Shepard, Australia's most despised criminal, and Warren, a soon-to-be-paroled inmate. The paternal triangle that forms between them becomes their undoing."
492. Our Little Secret,Two resentful exes must awkwardly spend Christmas together after they learn that their new partners are siblings.
493. Nobody Dumps My Daughter,"After Jimmy breaks up with Theresa, her obsessive mother Mary tries desperately to reunite them, even hiring a hitman to kill Jimmy when bribing him fails."
494. Reading Lolita in Tehran,The autobiographical story of a fearless teacher who secretly gathers seven of her female students to read forbidden Western classics in revolutionary Iran.
495. Night of the Zoopocalypse,A wolf and mountain lion team up when a meteor unleashes a virus turning zoo animals into zombies. They join forces with other survivors to rescue the zoo and stop the deranged mutant leader from spreading the virus.
496. This Time Next Year,"Minnie and Quinn are born on the same day, one minute apart. Their lives may begin together, but their worlds couldn't be more different. Years later they find themselves together again. Maybe it's time to take a chance on love."
497. White Snake: Afloat,"Xiaobai finally found Xu Xian, the reincarnation of Axuan, after 500 years, the two met on the Broken Bridge. Xiaobai and sister hid in the streets and alleys, started a lively life in human world with him and his brother-in-law Li Gongfu."
498. The Courier,Follows a hustler and his rise to the top of the corruption that surrounded the real estate bubble after the arrival of the euro in Spain.
499. Aavesham,Three teenagers reach Bangalore for their engineering degree and gets involved in a fight with seniors. They find a local gangster named Ranga to help them take revenge.
500. The Colors Within,A girl who can see colors in people's hearts joins a band with two other people.
501. Spermageddon,"Two narrative threads - one is an emerging love story between two awkward teens, John and Lisa, who are having sex for the first time and the other is an eventful quest of Simon the Semen and his friends to reach the golden goal, the Egg."
502. Escape from Germany,"1939, Hitler's army was closing borders, and eighty-five American missionaries were in Germany serving their church. The escape of these missionaries from Nazi Germany is one of the most dramatic events to occur in modern church history."
503. Baby John,Revolves around a DCP who transforms and travels to a different place in order to safeguard his family.
504. Touch,"A romantic and thrilling story that spans several decades and continents; Touch follows one man's emotional journey to find his first love who disappeared 50 years ago, before his time runs out."
505. The Contract,"Following up on a murder investigation, failed journalist Giuseppe falls into the trap of the devil."
507. Skywalkers: A Love Story,"A daring couple travels worldwide to climb the 118-story megatall skyscraper, Merdeka 118, in Kuala Lumpur, Malaysia, attempting a bold acrobatic stunt on the spire to salvage both their career and relationship."
508. Lick,"Evelyn wakes up in Vegas married to rock star David after blacking out on her 21st birthday. Thrust into his fame, she questions if she can handle his lifestyle as they navigate if their marriage is real or a mistake."
509. Holy Cow,"Totone's carefree teenage life of drinking and dancing takes a turn when he must provide for his 7-year-old sister. Seeking income, he channels his energy into producing an award-winning comté cheese to claim a competition prize."
510. Rob Peace,"Based on a true story, a brilliant young man puts his bright future at risk to help his father."
511. Night Call,"This night is like all the others for Mady, student by day, locksmith by night. But Claire, the enigmatic young girl he helps out that night, is not who she claims to be. Mady has only one night to prove his innocence in a city in turmoil."
512. The Roundup: Punishment,"Detective Ma Seok-do joins the Cyber Investigation Team to nab Baek Chang-ki, a former mercenary and the head of an online gambling organization."
513. High Tide,"Heartbroken and adrift, undocumented Brazilian immigrant Lourenço searches for purpose in the queer mecca of Provincetown. As the summer season comes to a fade, he sparks an intense and unexpected romance with Maurice. Together, the two reconcile the pasts they've left behind and their uncertain futures."
514. Sweethearts,"Two college freshmen pull a ""Turkey Dump"" and break up with their high school sweethearts over ""Drunksgiving"" - the one chaotic night before Thanksgiving in their hometown that puts their codependent friendship to the test."
515. Winnie-the-Pooh: Blood and Honey 2,"Not wanting to live in the shadows any longer, Winnie-the-Pooh, Piglet, Owl, and Tigger take their fight to the town of Ashdown, leaving a bloody trail of death and mayhem in their wake."
516. Babes,"Lifelong friends Eden and Dawn, one single and wanting a baby, the other already a mother, navigate challenges to their bond when Eden pursues pregnancy alone after a one-night stand."
517. How Could I Live Without You?,"Lili reads her mother Eszter's diary and love letters, revealing Eszter's summer romance with Geri, a musician, at Lake Balaton in the 1990s, defying her commitment to her boyfriend, impacting their lives and Lili's."
518. Why Do You?,"Love comes without asking. Often not to those, not so and not then. Can a genuine feeling survive when everything started wrong and the whole world is against it? Give up everything or give up? Burn or survive?"
519. Castration Movie Anthology I: Traps,Trans sex worker Michaela mentors her newly-out friend Adeline while pursuing motherhood in Vancouver. Production assistant Turner slides toward inceldom as his relationship falls apart.
520. Super-Charlie,"Willie's dream of fighting crime with his cop dad is shattered when his baby brother Charlie arrives. Besides stealing all the attention, Charlie turns out to have actual superpowers."
521. The Supremes at Earl's All-You-Can-Eat,"Lifelong friends, three women share an unbreakable bond after decades of weathering life's storms. Now, through new heartbreaks, the trio is put to the test as they face one of their most challenging moments."
522. The Bloody Hundredth,It honors the heroes of the 100th Bomb Group.
523. How to Date Billy Walsh,"Follows a pair of childhood friends: Amelia and Archie. Archie has always kept his love for her a secret, but just as he builds up the courage to declare his feelings, Amelia falls for Billy Walsh, the new transfer student."
524. Hidden Face,"Seong-jin, a conductor, and Su-yeon, a cellist, are engaged. Su-yeon disappears, leaving a video. Mi-joo replaces Su-yeon and develops a secret relationship with Seong-jin. They feel watched as their bond deepens."
525. Code 8: Part II,Follows a girl fighting to get justice for her brother who was slain by corrupt police officers. She enlists the help of an ex-con and his former partner to face off against a highly regarded and well-protected police sergeant.
526. Sting,"After raising an unnervingly talented spider in secret, 12-year-old Charlotte must face the facts about her pet-and fight for her family's survival-when the once-charming creature rapidly transforms into a giant, flesh-eating monster."
527. Premalu,"Sachin's quest for love takes unexpected turns, creating a laughter-filled love triangle."
528. The Most Precious of Cargoes,"During a war that plagues everything around, a lumberjack's wife finds an abandoned baby girl. This meeting transforms the lives of the couple and those whose destinies intertwine with that of the child."
529. Standing on the Shoulders of Kitties,"Bubbles' band ""The Shitrockers"" lands a European tour but gets kicked off, forcing them to busk. Randy is their roadie. Can Ricky and Julian save them from the streets of Prague?"
530. Ick,"Science teacher Hank's life changes when he reconnects with his first love and suspects a new student is his daughter, all while facing an alien threat in their town."
531. Big World,"Liu Chunhe, a young man with cerebral palsy, overcomes physical and mental barriers while fulfilling his grandmother's dream and discovering his life's purpose, leading to transformation and a fresh start."
532. Drawing Closer,"With only a year left to live, 17-year-old Akito finds new meaning in life by bringing joy to a terminally ill girl who has just six months remaining."
533. Porcelain War,"Under roaring fighter jets, Ukrainian artists Slava, Anya, and Andrey choose to stay behind. Defiantly finding beauty amid destruction, they show that although it's easy to make people afraid, it's hard to destroy their passion for living."
534. Bonhoeffer: Pastor. Spy. Assassin.,"As the world teeters on the brink of annihilation, Dietrich Bonhoeffer joins a deadly plot to assassinate Hitler, risking his faith and fate to save millions of Jews from genocide."
535. Hear Me: Our Summer,A hearing-impaired woman and a motorbike delivery man find connection despite communication barriers. They use metaphors of persevering water birds and trees to represent overcoming obstacles in romance and leading to further commitment.
536. Armor,A father and son working as security guards for an armored truck company encounter a team of would-be robbers while on a bridge. They become trapped and must come up with a plan to escape and ensure their survival.
537. The Astronaut Lovers,"Pedro returns to Argentina to spend the holidays with friends and family. He meets up with Maxi, a childhood friend who attracts him. Both engage in a playful game of flirtation and seduction."
538. In Our Blood,"Filmmaker Emily Wyland reunites with estranged mother for documentary. When mother disappears, Emily and cinematographer Danny pursue clues to her whereabouts amidst traces of her past addictions."
539. Unsung Hero,A mother's faith stands against all odds and inspires her husband and children to hold onto theirs. Based on a remarkable true story.
540. Crew,Follows three hard-working women as their destinies lead to some unwarranted situations and they end up caught in a web of lies.
541. The Last Breath,A group of old college friends reunite on a Caribbean scuba diving trip exploring the wreckage of a WWII battleship and find themselves trapped inside the underwater labyrinth of rusted metal surrounded by great white sharks.
542. Delivery Run,"A food delivery driver gets caught in a deadly chase in the icy Minnesota wilderness, pursued by a crazed snowplow driver for unknown reasons, facing life-threatening situations and forced to outsmart his relentless pursuer alone."
543. Dying,Lissy enjoys husband Gerd's deterioration in a home. Her joy is temporary as her health rapidly declines.
544. Blackwater Lane,Late one night a woman drives by a stranded motorist who is later revealed to have been murdered. After a series of terrifying events the woman believes she is the killer's next victim.
545. Rez Ball,"The Chuska Warriors, a Native American high school basketball team from New Mexico, must band together after losing their star player if they want to keep their quest for a state championship alive."
546. No Way Up,Characters from different backgrounds are thrown together when the plane they're travelling on crashes into the Pacific Ocean. A nightmare fight for survival ensues with the air supply running out and dangers creeping in from all sides.
547. Trouble,"Conny, a divorced salesman, gets wrongfully imprisoned for murder. There, he meets criminals who mistake him for a pilot like his ex-wife's new boyfriend. Chaos ensues as he navigates life behind bars while separated from his daughter."
548. The Commandant's Shadow,"Follows Hans Jürgen Höss, the son of Rudolf Höss, the Camp Commandant of Auschwitz when he confronts his father's involvement in the murder of over a million Jews during the Holocaust."
549. Teri Baaton Mein Aisa Uljha Jiya,"Aryan is not able to find a perfect life partner. He meets a perfect girl, Sifra, during an official assignment in the US and falls in love with her only to discover later that it's an impossible love story."
550. Boss Ma'am,"When a terror female boss was blackmailed by her assistant, she has no choice but to obey and play with her."
551. The Stickman's Hollow,A series of mysterious and savage murders plague an area of remote wilderness known for its insidious past.
552. Outbreak,"A Psychological Thriller about a state park ranger husband and his wife struggling to come to terms with their missing teenage son while dealing with a local mystery that questions their relationship and in the end, their grip on reality."
553. To a Land Unknown,A Palestinian refugee living on the fringes of society in Athens gets ripped off by a smuggler and sets out to seek revenge.
554. Música,"A coming-of-age love story that follows an aspiring creator with synesthesia, who must come to terms with an uncertain future, while navigating the pressures of love, family, and his Brazilian culture in Newark, New Jersey."
555. Rich Flu,Explores how far people would go to save themselves when the wealth that made the world go round then becomes its most dangerous commodity after a strange disease threatens to kill anyone with any sort of fortune.
556. A House on Fire,"Montse, divorced and with two children who have long since ignored her, has been preparing for a family reunion at her home on the Costa Brava. Nothing, absolutely nothing, will prevent her from enjoying one last weekend with her family."
557. Behind the Lines,Follows a passionate historian who travels the world to find and preserve letters written during times of war.
558. Love Across Time,A real estate inspector working in England at an old Georgian manor accidentally opens a portal to its 18th-century past and its dashing then-owner.
559. The Fabulous Four,It tells the story of two friends who travel to be bridesmaids in a surprise wedding of their college girlfriend.
560. 18×2 Beyond Youthful Days,"Ami, a Japanese backpacker, and Jimmy work together at a KTV. They bond over work and adventures, but Ami leaves suddenly. Eighteen years later, Jimmy finds a postcard from Ami, sparking a journey to Japan to find closure and reconnect."
561. God & Country,"Looks at the implications of Christian Nationalism and how it distorts not only the constitutional republic, but Christianity itself."
562. Baby,"After his release from a juvenile center, Wellington finds himself homeless in São Paulo. At a porn theater, he meets Ronaldo, who mentors him in street survival. Their bond evolves into a turbulent affair."
563. You Gotta Believe,"A Little League baseball team of misfits dedicates their season to a player's dying father. In doing so, they accomplish the impossible by reaching the World Series finals in a game that became an ESPN instant classic."
564. Mary,"In this timeless coming-of-age story, Mary is shunned following an otherworldly conception and forced to flee when Herod's insatiable thirst for power ignites a murderous pursuit for the newborn."
565. Someone Like You,"After the tragic loss of his best friend, a grieving young architect launches a search for her secret twin sister."
566. Pavements,"Documentary about the American indie band Pavement, which combines scripts with documentary images of the band and a musical mise-en-scene composed of songs from their discography."
567. Mukadderat,After the loss of her husband Sultan wants to remarry. Thus she finds herself in a new way.
568. The Painted,"A 1960s suburban family's plans are interrupted when they're called to a deceased relative's estate, where they begin to unravel the secrets that haunt the premises-strange occurrences, archaic rituals, and sinister paintings on the walls."
569. Longing,A business mogul runs into his old small town girlfriend while she is visiting the big city only to find out that they had a child together that he was unaware of. Based on an award-winning foreign language film.
570. Prey,A young couple is compelled to leave their Christian missionary station in the Kalahari Desert after being threatened with death by an extremist militant gang. After crashing their aircraft they must battle man and beast for their lives.
571. Goebbels and the Führer,Nazi propaganda minister Joseph Goebbels is in charge of building public support for the Holocaust and for the war that Hitler is about to start.
572. Ultraman: Rising,"Ken Sato is a superstar baseball player who returns to Japan to become the latest hero to carry the mantle of Ultraman. However, he is compelled to raise a newborn kaiju monster, the offspring of his greatest enemy, as his own child."
573. The Partisan,"A Polish spy who works for the British during the Second World War. After a betrayal, she is compromised in Warsaw and finds herself in a murky world of treachery."
574. Kill the Jockey,"Remo's self-destructive behavior overshadows his talent. Abril, an upcoming jockey is pregnant by Remo and has to decide between child or continuing to race. They both race for Sirena, a businessman who saved Remo's life in the past ."
575. Ponyboi,"Unfolding over the course of Valentine's Day in New Jersey, a young intersex sex worker must run from the mob after a drug deal goes sideways, forcing him to confront his past."
576. The Merry Gentlemen,"To save her parents' small-town performing venue, a former big-city dancer decides to stage an all-male, Christmas-themed revue."
577. My Fault,"A criminal defense attorney, unhappy in her marriage, finds herself seduced by her mysterious new client, an artist accused of murdering his girlfriend."
578. B.O.Y.: Bruises of Yesterday,"A 16-year-old boy who spends the summer with his grandparents falls in love with an older young man, but when tragedy strikes he falls into a dark hole of self-harm, lust, and loneliness."
579. Same Old West,"In the backlands of Goiás, two brutal men, after being abandoned by the same woman, turn violently against each other."
580. Family Pack,"When night falls, and the players have their eyes closed, werewolves make victims among the villagers."
581. The Wages of Fear,"In order to prevent a deadly explosion, an illicit crack team has 24 hours to drive two truckloads of nitroglycerine across a desert laden with danger."
582. Colors of Evil: Red,"When a girl's body is found on a beach in Poland's Tricity, a prosecutor teams up with the victim's mother on an impassioned quest for the truth."
583. Lembayung,Pica and Arum were still doing practical field work (PFW) at that time. They underwent PFW at the dental clinic in a small hospital in Central Java.
584. Badland Hunters,"When an earthquake turns Seoul into a lawless badland, a fearless huntsman goes on to rescue a teenager from a mad doctor who held the teenager captive in a camp full of dangerous cultists."
585. Let Go,"Stella juggles demands of young son, moody teen daughter, and distant husband. Chaos ensues until a message prompts a family trip where she must overcome challenges to reunite them."
586. Omni Loop,"A woman from Miami, Florida decides to solve time travel in order to go back and be the person she always intended to."
587. Toxic,"Dreaming of an escape from the bleakness of their hometown, two teens form a unique bond at a local modeling school, where the promise of a better life pushes girls to violate their bodies in increasingly extreme ways."
588. Checkpoint Zoo,"Checkpoint Zoo documents a daring rescue led by a heroic team of zookeepers and volunteers, who risked their lives to save thousands of animals trapped in a zoo behind enemy lines in the Russian Invasion of Ukraine."
589. Bougainvillea,A family entangled in a police investigation surrounding the mysterious disappearance of tourists in Kerala.
590. The Mehta Boys,"A father and son embark on an involuntary 48-hour odyssey, navigating clashing perspectives as they confront the intricate nuances of their strained relationship."
591. Spin the Bottle,The story of a group of teenagers in small town Texas who unleash a deadly force after playing the famous game in an abandoned house where a grisly massacre once took place.
592. Handsome Guys,"Self-proclaimed tough guys 'Jae-pil' and 'Sang-gu' move into their dream European-style house. When unwanted visitors arrive, awakening an evil spirit hitherto sealed in the basement, a dark aura begins to envelop the house."
593. Saving Bikini Bottom: The Sandy Cheeks Movie,"When Bikini Bottom is scooped from the ocean, scientific squirrel Sandy Cheeks and her pal SpongeBob SquarePants saddle up for Texas to save their town."
594. The Butterfly People,"Revisits the 2011 F5 tornado that struck Joplin, Missouri, killing over 161 people. Amid the tragedy, miraculous stories emerged of otherworldly beings helping survivors. Many children called them ""Butterfly People""."
595. Buy Now! The Shopping Conspiracy,"Pulls back the curtain on the world's top brands, exposing the hidden tactics and covert strategies used to keep all of us locked in an endless cycle of buying, no matter the cost."
596. Un monde merveilleux,"In a near future, Max and her daughter are selling stolen robots on the black market. When Max loses custody of her daughter following their latest scheme, she must rely on the last robot she took, T-O, who is ready to do anything to help."
597. Reawakening,A couple whose daughter aged 14 went missing and then reappears after a decade.
598. Never Let Go,A family that has been haunted by an evil spirit for years. Their safety and their surroundings come into question when one of the children questions if the evil is real.
599. Monsieur Aznavour,"Follows the beginnings of the iconic French-Armenian singer, songwriter and actor, Charles Aznavour, from zero to fame."
600. Viva La Vida,"A young woman who needs a kidney transplant wants to marry someone who will be able to donate a kidney, and meets a young man who has a brain disease."
601. Mash Ville,"Lives of of pseudo-religious believers and eight strangers in a remote location. Their paths converge, forcing them into a battle for survival."
602. Unit 234,"After the shocking discovery of an unconscious man in a locked unit, the lone employee of a remote storage facility must fight to survive the night against a ruthless gang, dead set on retrieving their precious cargo - at any cost."
603. April,"Nina, an OB-GYN, faces accusations after a newborn's death. Her life undergoes scrutiny during the investigation. She persists in her medical duties, determined to provide care others hesitate to offer, despite risks."
604. Ghost Killer,"After being possessed by the ghost of vengeful hit man Kudo, college student Fumika Matsuoka agrees to help him finish his quest for vengeance from beyond the grave."
605. Sasquatch Sunset,A year in the life of a unique family. It captures the daily life of the Sasquatch with a level of detail and rigor that is simply unforgettable.
606. The Uninvited,"A stranger crashes a party, sparking a comedy of errors, and a reordering of life."
607. One More Shot,"Following the attack on the black site in Poland, Navy SEAL Jake Harris is ordered to escort terrorist suspect Amin Mansur to Washington D.C for interrogation."
608. Mistress Dispeller,A Chinese woman hires someone to secretly end her husband's extramarital relationship in an attempt to save her marriage.
609. Wisdom of Happiness,"Dalai Lama, talks directly to camera about inner peace, happiness, and potential for peaceful, happy 21st century."
610. Demon Slayer: Kimetsu No Yaiba - To the Hashira Training,"Tanjiro undergoes rigorous training with the Stone Hashira, Himejima, in his quest to become a Hashira. Meanwhile, Muzan continues to search for Nezuko and Ubuyashiki."
611. Operation: Raqqa,"In 2014, on the streets of Raqa, an international spy Haibala (aka El Saharawi) tries to hunt down El Jordano, one of the most wanted ISIS leaders."
612. Mom,"Struggling with postnatal depression and feeling misunderstood by her husband, Meredith begins to experience terrifying visions foreshadowing an ultimate tragedy."
613. The Summer Book,"Follows the inspirational tale of a young girl and her grandmother spending a summer on a small, uninhabited island in the Gulf of Finland."
614. Spithood,"When a dangerous patient escapes confinement in a mental asylum and goes on a rampant killing spree, the night shift staff face their worst nightmare, as they fight for survival."
615. The New Year That Never Came,"On the brink of revolution in 1989 Romania, six lives intersect amid protests and personal struggles, leading to the explosive fall of Ceausescu and the communist regime."
616. V/H/S/Beyond,"Six bloodcurdling tapes unleash horror in a sci-fi inspired hellscape, pushing the boundaries of fear and suspense."
617. The 4:30 Movie,A group of teens in the 1980s spend the day theater-hopping.
618. Depravity,"A group of tenants, suspecting that their neighbor could be is a serial killer, stumble upon an art heist worth millions."
619. Fury 12 Hours,"Many years after retiring from the army, special forces soldier Lei Jun brought his family to the chaotic Philippines to make a living, but he accidentally lost his wife and daughter in a riot."
620. Boundless,"Detective Mørck and team reopen a cold case on Bornholm Island involving a girl's death, a cult, and missing women. Mørck must solve the case and confront his past to move forward with his fiancée."
621. A Legend,An archeologist noticed that the texture of the relics discovered during the excavation of a glacier closely resembled a jade pendant seen in one of his dreams. He and his team then embark on an expedition into the depths of the glacier.
622. Hey Joe,"An American veteran who got involved with a young woman from Naples during World War II returns to the same city in the early 1970s to meet his son, who has no interest in his father."
623. Gunner,"Lee Gunner tries to save his sons, Luke and Travis, from a dangerous drug gang."
624. Panda Plan,International action superstar Jackie Chan is involved in a rescue operation of a beloved zoo panda named Hu Hu.
625. Bureau 749,A traumatized young man with physical abnormalities is forced to join a mysterious bureau to confront a disaster spreading across the earth caused by an unknown creature. He embarks on an adventure uncovering mysteries about his life.
626. The Trainer,"Follows Jack, a fitness expert living with his mother in Los Angeles, who takes a maniacal swing at fame and fortune pursuing his version of the American dream."
627. Undercover,"After spending several years infiltrating the circles of the Abertzale left as another young sympathizer of the terrorist group ETA, a police officer gets what she was looking for: ETA contacts her."
628. Legend of the White Dragon,"In the Aftermath, the city was left decimated. A past reminder of the great battle and fall of heroes. The heroes were blamed, stripped of their titles and hunted."
629. Elton John: Never Too Late,"It showcases never-before-seen concert footage of him over the past 50 years, as well as hand-written journals and present-day footage of him and his family."
630. The Radleys,"A seemingly ordinary family actually has a dark secret: they are vampires. They choose not to drink blood despite their natural cravings, but their truth is revealed one day."
631. Chosen Family,"Yoga teacher Ann is trying to find inner peace despite having a manic family, a miserable dating life, and an inability to say no that keeps her busy trying to fix everyone else's problems."
632. Justice League: Crisis on Infinite Earths - Part Two,The Anti-Monitor (the Monitor's evil counterpart) is released into the DC Multiverse and begins to destroy the different Earths that compose it. The Monitor attempts to recruit heroes from across the Multiverse to fight back.
633. Shaitaan,"A family's getaway turns terrifying when an intruder possesses the teen daughter's body, putting her at the mercy of his increasingly sinister commands."
634. Simarik,"This is the story of Mete, the spoiled son of a wealthy businessman whose father makes him believe he has reincarnated as a servant in a 16th-century Ottoman city."
635. The Lonely Ones,"When a young couple wake up one morning to discover the world outside their apartment has vanished, they must figure out a way to survive. But are they as alone as they think?"
636. The Gutter,"Walt lands work at bowling alley AlleyCatz. He's pressured to embrace his bowling talent, which sparks backlash from detractors seeking to undermine his sudden pro success."
637. Detained,"A woman wakes up in a police interrogation room with no memory of the night prior. However, something does not seem quite right in this police station."
638. Timestalker,The hapless heroine Agnes is reincarnated every time she makes the same mistake: falling in love with the wrong man.
639. Flight 404,"Days before traveling to Mecca for HAJJ, Ghada is faced with an emergency and needs a large sum of money. She must return to a tainted past and keep it from consuming her."
640. Exhibiting Forgiveness,"A Black artist on the path to success is derailed by an unexpected visit from his estranged father, a recovering addict desperate to reconcile. Together, they struggle and learn that forgetting might be a greater challenge than forgiving."
641. I Am What I Am 2,"A Juan, an unknown person who came to Shanghai to work, agreed to participate in the ""Shanghai Fight Night"" martial arts competition on behalf of the declining Chuanwu Boxing Gym in order to make money to treat his father's illness."
642. What Jennifer Did,"When Jennifer Pan calls 911 to report that her parents have been shot, she becomes the primary focus of a captivating criminal case."
643. Thalavan,"Retired Dysp Udhayabhanu narrates events of his professional life in a TV program. He reveals the intriguing details of the 'Chepanamthota case', a milestone event in his career."
644. The Southern Chronicles,"It follows Rimants who is more interested in playing rugby, listening to music and dealing on the black market than studying for school, but when he falls in love with Monika, his faith in love and the future is tested."
645. Dragonkeeper,"The fate of ancient China rests on the shoulders of one young girl, who must find the last remaining dragon egg and fulfill her destiny."
646. Endurance,"Maritime Heritage Trust locates Shackleton's shipwrecked Endurance near Antarctica in 1915. Shackleton and 27 crew survive incredible journey to South Georgia to seek rescue after ship sinks, showcasing human resilience against all odds."
647. The Body,"A night watchman escapes from the morgue where he works and is run over. The inspector called to investigate discovers that the body of a recently deceased woman is missing. Questioning the widower, he begins to suspect him."
648. Sayara,"When her sister is murdered by a group of politically connected rich kids, Sayara, a quiet gym cleaner from Turkmenistan, begins to follow in her father's footsteps, seeking a path of revenge."
"649. Husband, Father, Killer: The Alyssa Pladl Story","Alyssa has a relationship with abusive Steven as a teen, has his child but gives it up for adoption. Years later, their daughter seeks them out, and Steven manipulates her into an affair, neglecting his family."
650. Die Hart 2: Die Harter,"Hart plans an innovative action film with unscripted, unexpected scenes to cement his legacy as the greatest. However, a blind spot leads him to fall victim to a vengeful plot from his past."
651. The American Society of Magical Negroes,A young man is recruited into a secret society of magical black people who dedicate their lives to a cause of utmost importance: making white people's lives easier.
652. 11 Rebels,"Amidst the Boshin War's brutal conflicts, a motley squad of criminals and samurai undertakes a desperate defense of a fortress, their stand triggered by clashing interests of the Shibata clan, the shogunate, and the new government."
653. Else,"A romance blossoms between an introvert and a confident woman, but their relationship faces a threat when a strange epidemic causes the infected to merge with their surroundings, trapping the couple in a shapeshifting nightmare."
654. Black,"A young couple move into a serene row house, eager for peace and privacy. A violent storm and unsettling forces unravel their marriage. Vasanth must uncover the truth behind these supernatural occurrences before everything falls apart."
655. Traffic,"Natalia and Ginel leave their small Romanian Danube village to work abroad in a big Flemish city. One evening, when she is assaulted after meeting a local, Natalia asks Ita, a friend from home turned into a crook, to help her."
656. Night Shift,"A young nurse with a past of family violence starts working the night shift at a small hospital, where during the night a ghost nurse materializes."
657. Being Maria,"Maria Schneider's rise to fame after ""Last Tango in Paris"" and its controversial production's impact on her life and career."
658. Wonderland,"In 'Wonderland', people can use an A.I. program to communicate with virtual versions of their comatose or lost loved ones."
659. Hijack 1971,The movie depics the story of people fighting for their lives in an extreme situation when a passenger plane is hijacked in the airspace of Korea in 1971.
660. Beatles '64,The capture of the electrifying moment of The Beatles' first visit to the United States.
661. Bedspacer,Janice's steamy obsession to imitate Lexi propels them to campus stardom. But dark secrets blur the lines between authenticity and seductive deception.
662. Pechi,Revolves around age-old practices such as black magic and witchcraft.
663. Levels,"After witnessing his girlfriend's murder, a man risks everything - including reality itself - to discover the truth."
664. Stranger Eyes,"A man obsessively searches for his missing daughter after receiving disturbing videos exposing his secrets, leading to a chilling confrontation with the voyeur."
665. Between the Temples,A cantor in a crisis of faith finds his world turned upside down when his grade school music teacher re-enters his life as his new adult Bat Mitzvah student.
666. Devo,"In 1980, new wave band Devo scored a hit with ""Whip It"" and gained mainstream success with their message of societal ""de-evolution"", formed in response to the 1970 Kent State shootings."
667. Salliyargal,"Set against the Tamil Eelam war backdrop, the story follows brave doctors working in an underground bunker, risking their lives to save both allies and enemies. As they battle danger, moral dilemmas, and relentless chaos with their valor."
668. Wynonna Earp: Vengeance,Wynonna Earp is coming home to battle her greatest foe yet: a psychotic seductress hellbent on revenge against her...and everyone she loves.
669. Shadow Land,"Haunted by relentless nightmares foretelling his untimely demise, Former President Robert Wainwright summons his past psychiatrist to his upstate residence who discovers the threat may be more real than imagined."
670. The Price of Money: A Largo Winch Adventure,"It follows Largo Winch, who is devastated by the kidnapping of his son. He realizes that if he finds those responsible for his bankruptcy, maybe he'll see his son again."
671. Child Star,"Examine how some of the most well-known former child stars, such as Lovato, deconstruct the highs and lows of growing up in the spotlight and how their ascension to fame, riches, and power affects their futures."
672. The Shadow,"Juhan Liiv, a struggling poet and an unlikely detective suffering from the early stages of schizophrenia, solves gruesome murder cases in Estonia in the 1890s under the shadow of the tyrannical Russian Empire."
673. Summer Camp,"Follows Nora, Ginny, and Mary, three childhood best friends who used to spend every summer at a sleep-away camp together. After years, when the opportunity to get back together for a summer camp reunion presents itself, they all seize it."
674. The Problem with People,Two estranged cousins who never knew each other try to make amends for many generations of family dispute.
675. French Girl,"Gordon Kinski, a high school teacher from Brooklyn, goes with his girlfriend and chef Sophie Tremblay to her hometown of Quebec City where she is testing for the Michelin 3-star restaurant of super-chef Ruby Collins."
676. Wild Diamond,"Liane, 19, lives with her mother and sister in Fréjus in the south of France. Consumed by aspirations of beauty and stardom, she auditions for a reality show called ""Miracle Island."""
677. Uranus 2324,"Love is deeper than the ocean, and bigger than the universe."
678. The Great Lillian Hall,"Lillian Hall, a Broadway actress, has never missed a performance throughout her long, illustrious career. Yet in the rehearsals her confidence is challenged. People and events conspire to take away her ability to do what she loves most."
679. Latency,"When Hana, a professional gamer who suffers from acute agoraphobia, receives new equipment that enhances her game, she begins to wonder if it is reading her mind - or controlling it."
680. The Second Act,"Florence wants to introduce David, the man she's madly in love with, to her father. But David isn't attracted to her and wants to throw her into the arms of his friend Willy. The characters meet in a restaurant in the middle of nowhere."
681. Drive Back Home,"In 1970, a gruff New Brunswick plumber travels to Toronto to bail out his estranged gay brother jailed for public indecency. Reluctantly driving home together per their mother's wish, their tense reunion tests their sibling bond."
682. Crossing,"Lia, a retired teacher, has promised to find her long-lost niece, Tekla. Her search takes her to Istanbul where she meets Evrim, a lawyer fighting for trans rights, and Tekla starts to feel closer than ever."
683. The Greatest Night in Pop,"On January 28th 1985, dozens of the era's most popular musicians gathered in Los Angeles to record a charity single for African famine relief. Setting egos aside, they collaborated on a song that would make history."
684. Jazzy,"Jazzy navigates the space between childhood and young adulthood. When her best friend moves away, Jazzy experiences both a sense of loss and her first inkling of independence."
685. Katas,"Carmina works as a maid in a mansion and soon learns about the dirty secret of their masters, Alex and Grace."
686. All Shall Be Well,"Angie and Pat have been together for over four decades but after Pat's unexpected death, Angie finds herself at the mercy of Pat's family as she struggles to retain her dignity and the home that both had shared for over thirty years."
687. 5lbs of Pressure,"Trying to start over, Adam searches for redemption as he returns to his old neighborhood to put to rest his demons while the brother of the man he killed seeks revenge."
688. Kingsmen,"Richard King raised his 4 sons to be just like him and to take over the family business, but his sudden death has left the family searching to find out who and what could be the reason their family was torn apart."
689. Stream,"The Keenan family's simple weekend getaway truly turns into a vacation to die for, as four deranged killers playing a sadistic game lock down their hotel and compete for the most creative murders of all the guests."
690. The Best Christmas Pageant Ever,Nobody is ready for the mayhem and surprises that ensue when six of the worst youngsters disrupt the town's yearly Christmas performance.
691. Lost & Found in Cleveland,"A 24-hour slice-of-life following five people whose paths cross when an antiques appraisal TV show visits their Midwestern city, exploring their personal journeys amidst the post-industrial American dream."
"692. My Wife, My Abuser: The Secret Footage","Exposes the disturbing story of Richard Spencer's harrowing experience as he endured two decades of abuse at the hands of his wife, Sheree Spencer."
693. Super/Man: The Christopher Reeve Story,"Reeve's rise to becoming a film star follows with a near-fatal horse-riding accident in 1995 that left him paralyzed from the neck down. After the accident, he became an activist for spinal cord injury treatments and disability rights."
694. Humans in the Loop,"A single mother from the Oraon tribe balances training AI systems and reconnecting with her roots, while her pre-teen son struggles to accept their new life away from the city."
695. Love Me,A post-apocalyptic romance in which a buoy and a satellite meet online and fall in love after the end of human civilization.
696. Dead Sea,"Stranded in the open sea after a fatal accident, a young woman and her two friends are rescued by a fishing vessel's captain, unaware that the ship harbors a chilling secret."
697. Successor,"Ma Chenggang and Chunlan, who have ""no oil in their soup and no money in their pockets"", ride a donkey to work and have a poor family. Their son Ma Jiye is the only hope who can change their fate."
698. Survive,A couple celebrates their son's birthday in the middle of the ocean on their boat. A violent storm hits and it brings up hungry creatures from the depths and they fight for their survival.
699. We Shall Not Be Moved,"Socorro, obsessed with finding her brother's killer from 1968's Tlatelolco massacre, receives a clue and risks everything, straining family ties, to avenge his death by locating the former soldier."
"701. Brooklyn, Minnesota","Follows Maisie and her father Kurt who have to leave their Brooklyn bubble to go back to Kurt's childhood home in Minnesota, where Maisie upsets long-standing family traditions, falls in love, and makes her family face their issues."
702. The Ties That Bind Us,"Exploring the challenges of modern family structures, the film follows a single father, a feminist librarian and a child seeking a place to belong as they navigate love and desires. It questions what it means to be a family."
703. Nurse Abi,"When overworked graphic designer Roy faints, he wakes up to the beautiful Nurse Abi taking care of him. This starts Roy's fantasy of going out and sleeping with Nurse Abi. But can he turn this fantasy into a reality?"
704. Blue Cave,"Navy soldier Cem embarks on trip to ""Blue Cave"" he promised wife Alara. Journey unveils details of their relationship, affirming enduring love beyond death."
705. Blue Lock: Episode Nagi,Seishiro Nagi before he enters the titular Blue Lock facility.
706. Frankie Freako,Workaholic yuppie Conor is in an existential rut until one night he catches a bizarre ad for a party hotline hosted by a strange dancing goblin: Frankie Freako. Could this be just the recipe to spice up his boring life?
707. Naples to New York,Follows two Neapolitan kids as they journey to New York to escape Italy's early postwar poverty.
708. Bhakshak,Revolves around the journey of an unwavering woman's quest to seek justice and her perseverance in getting a heinous crime to light.
709. Maldoror,"Two girls vanish. Police recruit Paul Chartier joins a covert unit tracking a sex offender. After the operation falters, Chartier pursues the perpetrators independently, disillusioned with legal constraints."
710. One to One: John & Yoko,"Set in 1972 New York, this documentary explores John and Yoko's world amid a turbulent era. Centered on the One to One charity concert for special needs children, it features unseen archives, home movies, and restored footage."
711. Baby Assassins: Nice Days,Teenage assassins Chisato and Mahiro visit the coastal city of Miyazaki when they unexpectedly cross paths with a bloodthirsty assassin who's looking to add to his personal body count.
712. Baby Invasion,"An ultra-realistic, multiplayer FPS game follows a group of mercenaries using baby faces as avatars. Tasked with entering mansions of the rich and powerful, players must explore every rabbit hole before time runs out."
713. My Husband Hired a Hitman,"When a greedy husband seeks a hitman to murder his wife and get her money, she will stop at nothing to fight back and seek revenge."
714. Grafted,A bright but socially awkward exchange student takes her craving for popularity to horrifying heights.
715. The Dead Thing,"A young woman lost in a series of meaningless connections falls in love with a charismatic and sensitive man, who hides a dark secret that turns her affair into a dangerous obsession."
716. Stelios,"Legendary Greek singer Stelios Kazantzidis, a Pontic refugee child who overcame challenges through talent and resilience, exploring his music, relationships, hardships, and devoted fanbase."
717. Rent Free,"After hitting emotional and financial rock bottom, best friends Ben and Jordan come up with a scheme to spend an entire year living ""rent free"" with the help of friends, family and strangers alike in a rapidly changing Austin."
718. ReEntry,"A romantic sci-fi drama about a woman whose husband disappears in a scientific experiment, only to return a year later."
719. Sector 36,"A fictional story Inspired by true events, several children go missing from a basti (slum) in Sector 36. A determined police officer must now face off with a cunning serial killer as a chilling investigation and dark secrets unfold."
720. Daddy's Head,A boy and his stepmother fear for their safety after an eerie creature resembling the boy's recently deceased father visits them.
721. La pie voleuse,"An aging caregiver steals small amounts from her elderly clients despite caring for them devotedly and being loved in return, as she struggles financially but won't accept her situation."
722. Justice,"A discharged police officer is given a chance to regain his former life by capturing a bank robbery crew. Teaming up with a young policewoman, the ex-cop must act swiftly before the heist draws unwanted scrutiny from the new authorities."
"723. Love, Divided",Valentina is a young pianist starting over. Her neighbor David is an inventor who hates noise. And a paper-thin wall is about to become their matchmaker.
724. My Hero Academia: You're Next,"Deku, Bakugo, Todoroki and the rest of U.A. High Class 1-A must face off against Dark Might and the obscure crime organisation under his control, the Gollini Family."
725. The Trail,"A young woman embarks on a remote hiking trail in the Alps to cope with a trauma. In the midst of the rustic landscape, she is now not only confronted with her own fears, but also has to face an alien threat."
726. Head South,"In 1979, Angus, with his father's support, discovers the underground post-punk music scene in Christchurch, New Zealand, overcoming self-doubt, derision, and a family tragedy to perform."
727. In Waves and War,Highly decorated Navy SEAL Marcus Capone struggles with PTSD after returning from Afghanistan. His wife finds hope in psychedelic therapy. They embark on providing access to this treatment for other veterans battling mental health issues.
728. Off the Record,"LA musician Astor Grey seems to have it all - true love, a big break, and a hot rock star boyfriend - but in the cutthroat music industry, success and love come at a cost, and nothing is as perfect as it seems."
729. Paradox Effect,"An ex junkie witnesses a murder. She is forced to cooperate with the killer to save her daughter's life. She must fight time, the police and criminal underworld to save the only person who means something to her."
730. American Dream: The 21 Savage Story,Follows 21 Savage's journey from UK birth to US upbringing where he conquers adversity like poverty and crime to attain success in rap music.
731. Amaran,"The life of Major Mukund Varadarajan and is set against the backdrop of the Qazipathri Operation in Shopian, Kashmir, which took place back in 2014."
732. The Inheritance,"A billionaire on the eve of his 75th birthday, invites his estranged children back home out of fear that tonight someone or something is going to kill him. He puts each of their inheritances on the line, to make sure they'll help."
733. Avicii - I'm Tim,"This is the story of Tim Bergling, a shy and insecure boy who, without realizing it, suddenly created one of the world's most loved artists - Avicii."
734. Dahomey,"The journey of 26 plundered royal treasures from the Kingdom of Dahomey exhibited in Paris, now being returned to Benin. Diop artistically voices a new generation's demands."
735. Here Now,Sophie a young Californian traveling in Italy on her vacation with her sister. She meets Giulio and his group of friends with whom she spends the most terrifying night of her life.
736. The Fire Inside,Claressa Shields becomes the first American woman to win a gold medal only to learn that not all dreams are created equal.
737. Chief of Station,"After learning that the death of his wife was not an accident, a former CIA Station Chief is forced back into the espionage underworld, teaming up with an adversary to unravel a conspiracy that challenges everything he thought he knew."
738. Mission: Cross,"In the ultimate test of marriage, an agent-turned-househusband gets tangled in a perilous mission with his detective wife, who's clueless about his past."
739. Buffalo Kids,"Two Irish orphans journey by train across America, encountering villains and heroes. They make an extraordinary friend and search for a new home, facing adventures and dangers along the way."
740. Phallacies,"The birth of the first 'dicksploitation' film. An anthology of horror stories which challenge censorship, moral authoritarianism, and the stigma around male cinematic nudity."
741. Baki Hanma VS Kengan Ashura,"It's the ultimate showdown. The toughest fighters from Baki Hanma (2021) and Kengan Ashura (2019) clash in this unprecedented, hard-hitting martial arts crossover."
742. Dirty Boy,"Raised in an oppressive cult, a reclusive schizophrenic discovers that he's being framed by cult leaders for a series of ritualistic murders and must prove his innocence by saving their next victim and destroying the evil sect."
743. I Am: Celine Dion,"A raw and honest behind-the-scenes look at the iconic superstar's struggle with Stiff Person Syndrome, a life-altering illness."
744. Compulsion,"On the island of Malta, two women get engaged in a string of horrifying murders."
745. Cult Killer,"After a renowned private investigator is murdered, his protégé takes on the case. As her investigation unfolds, she is forced into a dangerous alliance with his killer to uncover the town's grisly secrets and bring justice to its victims."
"746. To Live, to Die, to Live Again","A potential love triangle between Emma, Sammy, and Cyril is shattered by the emergence of the AIDS crisis. Expecting the worst, each character's destiny takes an unexpected path."
747. Trapped Inn,An American cycling team trains at a remote European lodge. Teammates start dying mysteriously. Rivals Connor and Greg battle to survive and uncover the cause behind the team's demise.
748. Chain Reactions,"The Texas Chain Saw Massacre's impact on 5 artists - Patton Oswalt, Takashi Miike, Alexandra Heller-Nicholas, Stephen King, Karyn Kusama - through interviews, outtakes, exploring how it shaped their art, psyche from childhood trauma."
749. The Glassworker,"The life of a young glassblower in training and his relationships over the years, as his land goes through war and strife."
750. The Intruder,"A young, paranoid man begins to believe someone is breaking into his house every night."
751. Young Royals Forever,"Edvin Ryding and Omar Rudberg, among others, together with the main writer, creator and executive producer Lisa Ambjörn share the story of how Wilhelm and Simon's journey took shape, from the writing process and casting to the final scene."
752. Raayan,"A series of unfortunate events lead Raayan, a simple man to be dragged into the dreaded world of crime and manipulation."
753. Saint Clare,"In a small town a solitary woman is haunted by voices that lead her to assassinate ill intended people and get away with it, until her last kill sucks her down a rabbit hole riddled with corruption, trafficking and visions from the beyond."
754. Mother Mara,"Mara's life is disrupted by the sudden death of her only son. Through a relationship with a younger man, she tries to face the loss and find a way to move on."
"755. Palipat-lipat, papalit-palit",A guest turns into nightmare. Story revolves around protagonist and his wife. An Unwanted guest and her desire ruins their personal life. See who wins between lust and love.
757. Los Frikis,"Inspired by true events, Los Frikis is a coming-of-age story set in early 90s Cuba where a group of punk rockers in search of freedom deliberately inject HIV to live at a government-run treatment home so they can create their own utopia."
758. Moartea in vacanta,"Death on Holiday follows the story of three characters who become overnight ""friends in need"" - who desperately try to get into the good graces of a lonely and wealthy old woman, Rodica, hoping to inherit her fortune."
759. Federer: Twelve Final Days,Follows the last 12 days of the career of a tennis player considered the best ever as he plays his final tournament.
760. Stripped: Nashville,"This observational documentary follows the lives of Nashville's most dynamic exotic dancers over the course of several days - highlighting their skills as dancers, upbringing, personal relationships and business acumen."
761. From Contract Lover to the Billionaire's Bride,Chloe's fiance Mason dumps her to marry wealthy Sophia. He frames Chloe's father for his crimes. Lawyer Ethan initially dislikes Chloe but they team up when he agrees to defend her father to protect his sister.
762. Crescent City,"A small town in the south is ravaged by a serial killer, with everyone being a suspect including the police."
763. Sunshine,"It follows a young gymnast who discovers she is pregnant on the week of the national team tryouts. On her way to a seller of illegal abortion drugs, she meets a mysterious girl who eerily talks and thinks like her."
764. Merry Christmas,Two strangers meet on a fateful Christmas Eve. A night of delirious romance turns into a nightmare. Revealing anything more would be a crime.
765. Sarfira,"A man fights to make his dream of creating a low cost airline a reality, facing opposition from devious competitive airline owners who threaten his business and his passengers' safety."
766. Who by Fire,"Seventeen-year-old Jeff stays at film director Blake Cadieux's wilderness lodge after being invited by friend Max's family. When strange events occur, Jeff suspects something is amiss with the director and his retreat."
767. My Wifes X,"A newly released ex-con seeks revenge on his ex-wife and her new husband. As he pursues his vengeful mission, he remains unaware of a shocking connection between his target and someone closely involved in his release from prison."
768. Bosco,"Based on the story of Quawntay 'Bosco"" Adams, sentenced to 35 years for attempted possession of marijuana. With the help of a woman from a lonely-hearts ad, he escapes to see his daughter but is forced to take responsibility for his past."
769. Love in the Big City,"Misunderstood as more than friends, roommates Jae-hee and Heung-soo navigate the complexities of modern romance in Seoul's big city."
770. Auron Mein Kahan Dum Tha,"After 20 years in prison, a man reunites with his lost love and the truth behind his crimes is revealed."
771. Dance with the Devil,An easy heist quickly goes wrong for three stuck-up kids who think they have found the perfect target in an old man from the neighborhood.
772. The Painter,"An ex-CIA operative is thrown back into a dangerous world when a mysterious woman from his past resurfaces. Now exposed and targeted by a relentless killer and a rogue black ops program, he must rely on skills he thought he left behind."
773. We Work for the Dead,If you're looking for a unique side hustle and don't mind being possessed...sign up for a delivery service with a dark twist. Your clients? The Dead.
774. Body of Water,"A cop returns to duty after being acquitted. He encounters Kevin, whose life derailed after a police incident. Their paths cross, making Austin understand that actions have consequences."
775. River of Blood,Four kayakers take the wrong river into a jungle inhabited by a tribe of merciless cannibals.
776. Heavier Trip,"Impaled Rektum, a band, is in jail but must escape when the guitarist's father falls ill and their family home/business faces demolition. They receive an offer to play a major festival but decline due to being imprisoned and unprepared."
777. Singham Again,"Bajirao Singham and a team of super cops must rescue his wife, Avni, who is producing a stage play based on the Ramayana, from a villainous kidnapper."
778. The Thundermans Return,"It centers on the family as they begin a new era of superhero crimefighting. When one save goes wrong, the Thundermans are sent back to Hiddenville."
779. The Program,"Explores the unprecedented bipartisan congressional effort to uncover what intelligence agencies really know about UFOs, now referred to as UAP."
780. Waves,A compromising record can change history.
781. Jimmy and Stiggs,"A perfect storm of lousy news sees out-of-work filmmaker Jimmy Lang spiral into a bender, during which he claims to have been abducted by aliens, and fearing their return, he contacts his old friend Stiggs to help him gear up for war."
782. I Don't Understand You,"Stranded in rural Italy without transportation or language skills, an American couple on the verge of adopting tries to reconnect during a disastrous vacation, as their fears and relationship problems threaten to boil over."
783. Viet and Nam,"In the underground coal mines, Nam and Viet, young miners, face danger and darkness. One prepares to leave for a new life, but they must find Nam's father's remains, a soldier lost in a faraway forest, retracing the past through memories."
784. Maharaj,"Based on a real-life historic court case, a bold journalist questions a revered leader's immoral behavior."
785. The Bitter Taste,"A former pentathlete is captured by an undead countess and her cursed followers. To survive a deadly hunt, she must revive her athletic skills and form an uneasy alliance with a charming fisherman and a grumpy cop."
786. Freedom,"Inspired by real events, the story of Bruno Sulak, a true Arsène Lupin of the 20th century."
787. Or Something,"Tells the story about strangers who show up at the same apartment to collect cash they're both owed. The pair, one of whom is hiding a terrible secret, are sent on a journey across New York City."
788. Dans l'ombre de Marlow,"In a deceptive desert, Marlow searches desperately for a dream-fulfilling box. As she nears her goal, a startling revelation awaits."
789. Alienoid: The Return to the Future,Ancient Taoists travel through time and space in an effort to obtain a divine sword.
790. A Part of You,"Agnes, a teen envious of her popular older sister Julia, faces upheaval when tragedy strikes. Forced to reinvent herself, she's on the cusp of attaining her dreams but must navigate the consequences of her choices."
791. Mafia Wars,An ex-con gets released early from prison only to be forced into an undercover unit of six men and on his first day the other five are all killed. Now he must face the men who he was tasked to spy on.
792. Sons,The idealistic prison officer Eva is faced with the dilemma of her life when a young man from her past gets transferred to the prison where she works.
793. Sugar Baby,"An enterprising Sugar Baby is offered $30,000 to move in with her Sugar Daddy for the week, but soon discovers the sinister secrets trapped within his home."
794. Grand Tour,"Edward, civil servant, flees fiancée Molly on their wedding day in Rangoon, 1917. His travels replace panic with melancholy. Molly, set on marriage, amused by his escape, trails him across Asia."
795. Moon,"A former martial artist hired to train three wealthy Jordanian sisters finds her ""dream job"" turning unsettling as the isolated young women are under constant surveillance and show no interest in the sport. Why was she really hired?"
796. Fluxx,Trapped in a surreal Hollywood Hills mansion a tormented actress must piece together memories and escape a nightmarish reality before losing her grip on sanity-and the truth about her husband's fate.
797. Drugstore June,"After the pharmacy in her small town is robbed, a girl who still lives at home with her parents takes matters into her own hands to solve the crime, while at the same time trying to get over her ex-boyfriend and become more of an adult."
798. Wanted Man,"Follows a police officer who must retrieve an eyewitness and escort her after a cartel shooting leaves several DEA agents dead, but then he must decide who to trust when they discover that the attack was executed by American forces."
799. Becky,"A pretty, twisted and dangerous woman becomes obsessed with a happily married man who recently moves into the neighbourhood and wreaks havoc in every aspect of the couple's life."
800. Following,"A mystery thriller about a real estate agent who secretly enters clients' homes and becomes obsessed with a deceptive social media influencer. The film explores themes of obsession, identity and the dark side of social media."
801. Held Hostage in My House,A single mother becomes trapped inside her own vacation rental and must piece together clues from the various guests who have stayed there in order to figure out who assaulted her and hopefully survive.
802. Hold Your Breath,"In 1930s Oklahoma amid the region's horrific dust storms, a woman is convinced that a sinister presence is threatening her family."
803. Hot Frosty,"Widow Kathy magically brings a snowman to life. His innocence helps her heal and find love again. They bond before the holidays, but he's doomed to melt."
804. Black Cab,"A couple's jovial cab driver diverts them to a remote, haunted road, revealing disturbing motives and his true intentions."
805. Mai,"Restlessly haunted by the past, Mai is greeted by a new dawn when she reluctantly befriends the neighborhood ladies' man. But when her yesterday catches up to her today, what will become of her tomorrow?"
806. 10 Lives,"A pampered cat takes for granted the lucky hand he has been dealt after he is rescued and loved by Rose, a kind-hearted and passionate student. When he loses his ninth life, fate steps in to set him on a transformative journey."
807. The Last Dance,"A debt-ridden wedding planner inadvertently becomes a successful funeral planner, but he must convince a traditional Taoist priest of his legitimacy to continue operating in the field."
808. The Menendez Brothers,"In 1996, the Menendez brothers faced trial for killing their parents, a case that captivated America. Years later, they share their side through interviews with those involved, offering a fresh take on the events."
"809. I, the Executioner","Rookie detective Park Sun Woo and Seo Do-Cheol, a veteran of the Violent Crimes Investigation Division team, chase after a serial killer who shakes up their world."
810. Vulcanizadora,"Two friends take a trip through a Michigan forest, intent on carrying out a disturbing pact."
811. Max,"Inspector Arjun Mahakshay, law and order inspector reports to duty at a new police station after a 2 months suspension and faces an unexpected situation. Can Arjun save the day?"
812. Three Kilometres to the End of the World,"Set in a conservative Danube Delta community, a gay teenager's journey of self-discovery clashes with the traditional values upheld by his parents and neighbors."
813. Terminator: Skynet Rising,"Since Legion was destroyed, the machines have been working to restore Skynet. Now the resistance has discovered their plans and must find a way to prevent them."
814. Limonov: The Ballad of Eddie,"The outrageous story of Eduard Limonov, the radical Soviet poet who became a bum in New York, a sensation in France, and a political antihero in Russia."
815. A Bronx Tale: The Original One Man Show,"One man lives in the neighborhood, another man owns it. A devoted father battles the local crime boss for the love of his son"
816. Dead Money,Professional poker player Andy and his girlfriend Chloe are involved in a crazy 24 hours after a home poker game is robbed. Andy ends up playing the largest poker game of his life as both of their lives are in danger.
817. Haikyu!! The Dumpster Battle,"Despite a strong field, the Karasuno High volleyball team advances past the preliminary round of the Harutaka tournament in Miyagi prefecture to reach the third round."
818. An Ordinary Case,"A man is accused of murdering his wife. His lawyer must defend him against all odds, and especially against himself."
819. Captain Miller,A man leaves and turns against the British-led Indian military after witnessing atrocity.
820. Peter Five Eight,A seemingly glamorous real estate agent in a small mountain community is revealed to be an unhinged alcoholic with a dark secret when a charismatic man in black shows up one day at the behest of his shadowy boss.
821. Duchess,"Follows a tough, working-class, petty criminal who morphs into an anti-heroine to be reckoned with in a murky underworld, in the treacherous world of diamond smuggling."
822. Modi: Three Days on the Wing of Madness,"Through the streets of World War I Paris, Italian bohemian artist Modigliani attempts to outmaneuver bombs, policemen, girlfriends, and critics in a increasingly desperate search of a home for his art."
823. Quisling: The Final Days,Five years of occupation during WW2 ends in Norway. Vidkun Quisling is in prison for treason and is to be held accountable for his actions. Can a priest help him find peace of mind? Can the traitor with big thoughts about himself repent?
824. Robin and the Hoods,"For the tenacious 11-year-old Robin and her loyal band of friends 'The Hoods', the patch of overgrown scrubland at the end of their cul-de-sac is a magical kingdom."
825. Nobu,"Nobu examines culinary legend Nobuyuki Matsuhisa's empire, offering an intimate portrait of a man who has redefined global gastronomy."
826. Nuked,"A group of friends gets together for a cannabis-infused, technology free, dinner party only to learn a bomb is headed right for them."
827. Daughters,"Four young girls prepare for a special Daddy/Daughter Dance with their incarcerated fathers as part of a unique fatherhood program in a Washington, D.C. jail."
828. Stripper Boyz,"Two best friends head to Vegas for a bachelor party with a twist: instead of hiring strippers, they decide to become them. Training with a real male revue troupe, they meet colorful characters on a wild, heartwarming journey."
829. Escape from the 21st Century,"Three friends discover they have the power to travel back and forth 20 years with a sneeze. However, the future is not as good as they hoped, and they need to take on the responsibility of saving the world."
830. Escape,"A young man who wants to live in prison and will do whatever it takes to get there, raising questions such as if those who care about him will get to stop him from committing increasingly serious crimes."
831. They Called Him Mostly Harmless,"A hiker found dead in Florida wilderness is identified by internet sleuths after 2 years. His identity triggers more questions as multiple hikers claim to have met him, but he never revealed his name."
832. Tiempo de Pagar,"Richard, an Argentinian money exchanger who works at the Buenos Aires downtown, finds himself involved in a series of problems that lead him to a thrilling race against the clock."
833. The Code,"Follows the misadventures of a sexless couple, as their relationship falls into shambles in the early part of the pandemic."
834. Arthur's Whisky,Three elderly ladies drink an elixir that makes them young again and soon discover that youth isn't all it's cracked up to be.
835. She's Got No Name,"A bizarre case caused thousands of waves. There are different opinions on the truth. When the whole story of the case was gradually restored like pieces of a puzzle, people realized that the truth was not that important anymore."
836. Desert Road,A woman crashes her car and walks down the road for help - only to find no matter which way she walks she ends up back at her crashed car again.
837. Los destellos,"Isabel's life takes an unexpected turn when her daughter Madalen asks her to take care of her father, Ramón, who is sick. After fifteen years without seeing her ex-husband Isabel will try to fulfill her mission with diligence and coldness."
838. Things Will Be Different,"In order to escape police after a robbery, two estranged siblings lie low in a farmhouse that hides them away in a different time. There they reckon with a mysterious force that pushes their familial bonds to unnatural breaking points."
839. Whatever It Takes,"In 2019, a middle-aged couple are subjected to cyberstalking and bizarre deliveries. As the harassment intensifies, the police and FBI close in on a Silicon Valley giant and some very unlikely suspects."
840. When the Light Breaks,"Una grapples with grief while harboring a secret, unable to fully express her emotions, as she navigates challenging events swirling around her."
841. Made in Ethiopia,"When a massive Chinese factory complex attempts a high-stakes expansion in rural Ethiopia, three women in search of prosperity have their faith in industrialization tested to the limit."
842. The Door-to-Door Bookstore,"The 70-year old Carl Kollhoff works in a little bookshop in a small town, where he wraps up books to deliver them by foot. One day the 9-year old girl Schascha joins him on his delivering-tours. She calls him the ""Buchspazierer""."
843. Wanted: Girlfriend,Sheina Yu and Reina Castillo date a man who likes to have sex anytime and anywhere. See who can keep up with his strong sexual appetite and be his girlfriend.
844. Feminist Fathima,"A housewife in coastal Kerala sparks quiet rebellion after trying to replace a mattress, challenging patriarchy through small acts of resistance in her journey toward self-liberation."
845. Sookshma Darshini,"Manuel returns with his mother to their former home in a middle-class neighbourhood. Suspicious of his intentions, Priyadarshini and her friends begin gathering clues, convinced he may be hiding something sinister."
846. Shook,"After a run-in with his estranged father, an aspiring writer learns a secret that will force him to balance family, love, and success while navigating the divide between the exciting city life he wants and his suburban reality."
847. Bad Faith,"Exposes how Christian Nationalism has become the most powerful anti-democratic force in America. Leaders join forces to defend our country from this march to fascism, but American citizens seem unaware of the threat."
848. The Holiday List,"A woman sets out a well-intentioned plan of bringing her dysfunctional family together in the wake of the family's matriarch, her mother-in-law."
849. Mani nude,A wealthy young man is kidnapped by a mysterious organization and forced to participate in extreme underground bare-knuckle fights that can only end in one way: with a contestant's death.
850. Return of the King: The Fall and Rise of Elvis Presley,He had one chance to show the world he was still the King of Rock 'n' Roll. Discover the story behind Elvis Presley's triumphant '68 comeback special.
851. Runt,"Follows ten-year-old Annie and Runt, her stray dog, as they attempt to win the Agility Course Championship at the Krumpets Dog Show in London in order to save their family's farm from drought and misery."
852. The North Witch,"Five women embark on a search for a cabin that mysteriously went missing 60 years ago. They soon realize that watching them is a sinister, demented being. Can they survive the horrors of The North Witch, or is death the better way out?"
853. Pani,"When the peaceful married life of a couple is unexpectedly disrupted by two youngsters with criminal inclination, the trials and tribulations connect the mobster lives of Thrissur by becoming a part of vengeance."
854. Royal Runaways,"From the French nation of Caminelle to a winery in Maine, a defiant prince and orphaned girl take parallel paths to find each other but must first unravel a plot filled with twists."
855. From Ground Zero,"From Ground Zero is a collection of 22 short films made in Gaza. Initiated by Palestinian director Rashid Masharawi, the project was born to give a voice to 22 Gazan filmmakers to tell the untold stories of the current war on film."
856. Something in the Water,A group of five friends must fight for their lives in open water after a dream wedding turns into a nightmare.
857. Aliens Expanded,An in-depth and innovative documentary that explores the story behind James Cameron's beloved sci-fi epic Aliens (1986) and its incredible impact.
858. Sahbek Rajel,"Two cops - one reckless, one family-oriented and honest - become partners, leading to action-packed and comedic situations."
859. The Corpse Washer,"Lela, a mortician, grapples with uncovering the truth behind her mother's mysterious deaths while haunted by spirits and burdened by the weight of untold secrets."
860. Tyler Perry's Divorce in the Black,Ava's husband Dallas leaves her heartbroken as he abandons their marriage.
861. Simp,A model gets kidnapped at a fake photo shoot. Based on true events.
862. Invited,"When a reluctant mother attends her daughter's Zoom elopement, she and the rest of the family in attendance quickly realize the groom is part of a Russian cult with deadly intentions."
863. Vanished Into the Night,"A father, immersed in a difficult divorce process, embarks on a dangerous mission when his children disappear from their isolated country house."
864. Lights Out,"A drifting ex-soldier turns underground fighter with the help of a just released ex-con, pitting them both against a crime boss, corrupt cops and hired killers."
865. The Last Republican,"In the wake of the January 6 Capitol riot, Republican Congressman Adam Kinzinger, a fan of Hollywood director Steve Pink's film Hot Tub Time Machine, teams up with Pink to shed light on the events and hold those responsible accountable."
866. Julie Keeps Quiet,"Julie is a star player at an elite tennis academy. When her coach falls under investigation and is suddenly suspended, all of the club's players are encouraged to speak up. But Julie decides to keep quiet."
867. Race for Glory: Audi vs. Lancia,"A true David vs. Goliath story spotlighting the intense rivalry between Audi and Lancia at the 1983 Rally World Championship. Against all odds, Lancia battles to regain its former glory with a combination of innovation and courage."
868. Asiri Ade,Two kingdoms contemplate a royal union for different motives.
869. Daniela Forever,Follows a man as he joins a sleep trial that allows him to rebuild his life with his girlfriend who died in an accident through the use of lucid dreams.
870. Doin' It,An Indian-American virgin gets a job teaching high school sex ed.
871. The Solitary Gourmet,"Goro Inogashira travels all over Japan for work. Upon receiving a message from an old friend's daughter, Goro arrives in Paris and learns of the elderly man's wish to taste a particular soup he had in his childhood before he dies."
872. Another End,"Two people who have loved each other, and continue to love each other, even after one of them dies."
873. Death's Sonata,The story of a man suffering from Schizophrenia and the psychotherapist who tries to find him with the help of his young Bi-Polar patient.
874. Mascarpone: The Rainbow Cake,"After three years, Antonio and Luca are reunited. Antonio, a successful pastry chef, still has feelings for Luca, who is now engaged to Tancredi. Antonio is convinced that the past has come back to help them."
875. Véletlenül írtam egy könyvet,"Follows a 13-year-old girl who dreams to become a writer. While she is learning to write with the help of her neighbor, she suddenly realizes that her life is actually becoming a novel."
876. Hanu Man,An imaginary place called Anjanadri where the protagonist gets the powers of Hanuman and fights for Anjanadri.
877. The Underdoggs,"Jaycen ""Two Js"" Jennings is a washed-up ex-professional football star who has hit rock bottom. When Jaycen is sentenced to community service coaching an unruly pee-wee football team, he sees it as an opportunity to turn his life around."
878. Audrey's Children,"1969. Dr. Audrey Evans joins world-renowned children's hospital and battles sexism, medical conventions, and the subterfuge of her peers to develop revolutionary treatments and purchase the first Ronald McDonald House, impacting millions."
879. September Says,"When September is suspended from their school, her sister July begins to assert her own independence. Tension in the family builds on holiday Ireland as a series of surreal encounters test the them all to their limit."
880. Liza: A Truly Terrific Absolutely True Story,"A tribute to a young artist of unlimited raw talent and the deep, creative relationships she has with her mentors and influences."
881. Among Neighbors,"In a small Polish town where a dark history has been silenced, an eyewitness to murder speaks out in search of the Jewish boy she loved."
882. Red Path,"A group of men attack two young shepherds. Achraf, 14, is obliged to bring the head of his cousin Nizar to the family as a macabre message."
883. Karma,"Stranded in a remote graveyard, special investigation officer Amar Patnaik uncovers chilling secrets, only to realise he's caught in a gripping tale of Karma and Fate"
885. Mother of the Bride,Lana's daughter Emma returns from London and announces that she's getting married next month. Things become more complicated when Lana learns that the man who stole Emma's heart is the son of the man who broke hers years ago.
886. A True Gentleman,It follows a gigolo as he falls in love with a young girl.
887. Zeitgeist: Requiem,"Peter Joseph explorers the fundamental incompatibility of our economy and the culture it has created with our future survival as a species, while posing solutions based on system's science/cybernetics. This film will be released in 2026."
888. The Greatest,"Inhibited by his conventional life, a man named Jay is forced to confront his darkest secret when having to choose between a life of normality and authenticity."
889. The Neon Highway,"Wayne, a singer, meets washed-up legend Claude Allen. Together they go to Nashville to pitch a song, but the industry rejects them. Wayne figures out how to release the song publicly, not for himself but for Claude."
890. The Streak,"The Salt Lake Trappers were an unaffiliated team at the lowest level of the minor leagues. By the end of the 1987 season, they had achieved the longest winning streak in the history of professional baseball."
891. Vice Is Broke,"Huang examines Vice's transformation from indie magazine to media behemoth, interviewing former contributors pivotal to its ascent and decline."
892. Mummy Shark,"In an Egyptian pyramid, researchers uncover a mummified alien shark. A mystic revives the creature, unleashing it on the exploration team."
893. He's Watching You,"Killer Reports report on crime scenes across the UK. However, when they hear about the Mystery of The Masked Man, they decide to try and get an exclusive report. Will they survive to tell the tale?"
894. Pistachio Wars,"In a drought-stricken Beverly Hills, wealthy farmers face environmental crisis and water privatization. As marketing schemes run wild and resources dwindle, tensions escalate, leading to unexpected international conflict."
895. Kryptic,"A woman searches for a missing monster hunter, realizing she has an inextricable bond with the creature being pursued."
"896. Hemet, or the Landlady Don't Drink Tea","A tyrannical landlady lords it over her tenants during an epidemic, pitting them against each other in a web of paranoia spun for deadly results."
897. The Mouse Trap,"It's Alex's 21st Birthday, but she's stuck at the amusement arcade on a late shift so her friends decide to surprise her, but a masked killer dressed as Mickey Mouse decides to play a game of his own with them which she must survive."
898. Fasel men el-Lahazat el-Ladhidhah,"A romantic comedy about a couple who encounter many problems, until a portal opens by chance that leads them to parallel worlds."
899. McVeigh,Army veteran Timothy McVeigh hatches a deadly plan after the Waco siege. A psychological thriller depicting the deadliest act of domestic terrorism in U.S. history.
900. Boot Camp,"Follows unathletic Whitney Carmichael, who signs up for an intense summer boot camp to reinvent herself and falls for her personal trainer. She then finds the strength to embrace her true self and ignore the others' expectations."
901. Fight Another Day,"Follows a tough cop, who after being transported to a dystopian future, must enter a deadly combat tournament to be able to return to his past."
902. Mama's Boy,"A controversial affair unfolds when a young man, Glen, manipulates his stepmother, Lorraine and her sister, Leilanie, to fall for him to exact revenge on his father, Mauro. But there is twist and Glen is in for life-shattering shock."
903. Everyone Is Going to Die,An entrepreneur is attempting to reconnect with his daughter on her Birthday. The party is interrupted and they are taken hostage by two masked female robbers who appear to have real problems with the Patriarchy.
904. The Apocalypse of St. John,"Watch 'The Apocalypse of Saint John, ' a visually stunning film that explores prophecy and the power of faith."
905. Clown 2,"A troubled young woman moves to a small town to start fresh with her aunt, but soon learns the locals have a vendetta against her family-and her past might be the key to unraveling their dangerous secrets."
906. The Kingdom,"Lesia, a teenager, is taken by a man to a villa where her fugitive father and his men are hiding. A war erupts, leading to death and a chase where father and daughter bond."
907. Darkest Miriam,"Miriam Gordon lives in a fog of grief while working in a downtown public library branch. When a burgeoning love-affair coincides with her receiving a series of oddly threatening letters, Miriam's sheltered existence is cracked open."
908. Eagle,A journalist uncovers the story of a ruthless assassin when she investigates a government cover up.
909. Push,Follows a realtor who must survive a night of terror when a deranged client shows up at her open house.
910. A Little Something Extra,"To escape the police, a son and his father find refuge in a summer camp for young adults with disabilities, posing as a resident and his educator. The beginning of trouble and a wonderful human experience that will change them forever."
911. Gloria!,"In 1800, at a girls' school in Venice, isolated and supposedly mute domestic servant Teresa discovers the joy that music can bring, teaming up with a group of talented girls."
912. Hamlet,"Shakespeare's timeless story of revenge is reimagined as a modern psychological thriller. The classic tragedy transcends the stage through a unique, contemporary lens."
913. How to Make Gravy,"A feature film adaptation of Australian music legend Paul Kelly's classic song, 'How to Make Gravy'."
914. Half Baked: Totally High,Three potheads sell a strain of magical weed to raise funds for their friend's funeral.
915. Meanwhile on Earth,"A 23-year-old girl is contacted by an unknown life form claiming to be able to bring her older brother, who disappeared during a space mission, safely back to Earth."
916. Alien: Rubicon,A series of alien spheres land on planet Earth destroying everything in their path with ease. It's up to a scientist and the President of the USA to find a way to stop the alien invasion.
917. With or Without You,"A mother, a daughter and a stranger from another land are thrown together on an unexpected road trip that takes them on a journey of love, humour and redemption."
918. Committee Kurrollu,"In a peaceful West Godavari village, the harmony of a close-knit friend group is disrupted when a disagreement leads to an unexpected fallout, impacting their lives and the tranquility of their community."
919. Ghost Train,"""Ghost Train"" is a horror movie in which Da Gyeong, a YouTuber with the lowest number of views, meets the station master of a mysterious subway station to find the source of a true horror story and encounters several strange stories."
920. The Correspondent,"Award-winning journalist Peter Greste reports on the Arab Spring uprising, becoming entangled in a deadly game of rivalries. Imprisoned for seven years despite his innocence, he survives on wits alone before release in 2015."
921. Grassland,A riveting social justice thriller highlighting the perils of marijuana incarceration.
922. Siccin 7,"Kemal and family move to uncle's mansion after deal with child panhandling mafia, hiding daughter Rüya's illness. Mother Lale's Alzheimer's triggers paranormal occurrences. Meral infiltrates, plans ritual on Black Moon 2018."
923. The Red Virgin,"Hildegart Rodríguez, a precocious and prolific writer in Spain's 1930s, raised by her mother to become a model of future women."
924. Block Pass,"Willy and Jojo are childhood friends who never leave each other's side. To beat boredom, they train at the Pampa, a motocross track. One evening, Willy discovers Jojo's secret."
925. Agak Laen,"An old man dies in a failing haunted house ride. The operators bury his body on site, turning it into a popular attraction."
926. The Demon Disorder,"Tells the story of Graham, Jake and Phillip Reilly and their deceased father. Their pasts collide when a family secret is discovered, leading their father's garage to become the site of revenge from beyond the grave."
927. Nutcrackers,"In the most unlikely of places, four siblings find a loving shelter in an unexpected turn of circumstances. This endearing comedy-drama draws inspiration from actual events and deftly crafts a gripping story that unites everyone."
928. Albany Road,"On her way to the most important meeting of her career, a New York executive is forced to share a rental car with her ex-fiancé's mother, only to discover that the mother is hiding a major secret."
929. Vaazha: Biopic of a Billion Boys,"Four friends deemed 'losers' face immense pressure from parents and society upon entering adulthood. Their emotional tale sees them embark on a journey of self-discovery and acceptance, where love ultimately triumphs over judgment."
930. Treasure,"An American journalist travels to Poland with her Holocaust survivor father to visit the places of his childhood. However, he sabotages the trip by avoiding reliving his trauma."
"931. Beautiful Evening, Beautiful Day","Four close friends are renowned filmmakers in Yugoslavia in the 1950s, but their sexual orientation raises suspicion. A communist party loyalist is sent to sabotage their lives, turning their pursuit of freedom into a battle for survival."
932. Garudan,"Sokkan, the trusted confidant of childhood friends Aadhi and Karuna.But when his loyalty and self respect is put into test, which would he choose?"
933. Four Mothers,A writer about to publish his new novel is forced to take care of three eccentric older women - and his own mother - over the course of one chaotic weekend in Dublin.
934. Somnium,"At experimental sleep clinic, Somnium, dreams are made real. Side effects may include: hallucinations, confusion, paranoia, sleep paralysis, detachment from reality, lost sense of self, permanent nightmares."
935. Art of Love,"After learning that the art thief she has been chasing is her ex-lover, an officer working for Interpol concocts a plan to catch him red-handed."
936. Kalinga,"A protagonist encounters terrifying events, uncovering a sinister mystery lurking beneath the surface."
937. Kalikot,"Sal, a professor, moves near an auto shop. Arnel, a repairman, is attracted to her after she brings her car for repair. Their relationship develops, but they face challenges navigating it while Arnel works at the shop."
938. The Real Bros of Simi Valley: The Movie,"With the 10-year high school reunion around the corner, Xander and his squad embark on a journey to become the dopest versions of themselves in time to flex on all of their old classmates"
939. The Knife,"After the mysterious appearance of a stranger in their home, a young Black family must deal with the fallout of their choices, big and small, as a steadfast detective tries to crack the case over the course of one fateful night."
940. Bleeding,"In a world where vampire blood is harvested as a drug, two desperate teenagers on the run from a vicious dealer break into an empty house and find a sleeping girl locked inside."
941. Lubber Pandhu,"Set against the rural backdrop, explores gully cricket stars Gethu and Anbu's intense rivalry. Anbu's romantic involvement with Gethu's daughter escalates the clash. Their skills and emotions are put to the ultimate test."
942. In Vitro,"On a struggling cattle farm some years in the future, a woman discovers the unsettling consequences of her husband's animal breeding technology."
943. The Lockdown,"Siblings Charlie and Jack are trapped in Myanmar's toughest prison and accused of a crime they didn't commit. Forced into televised fights against other inmates, they must work together and fight for their freedom."
944. Lost in the Jungle,"Four Indigenous siblings survived 40 days in Colombia's jungle after a plane crash. The film shows their story through footage, recreations, and animation, highlighting Indigenous-military cooperation and traditional knowledge."
945. Dan Da Dan: First Encounter,Momo Ayase is a school girl who meets her classmate Ken Takakura (named after the actor). Their unlikely friendship will face them against ghosts and aliens in a series of dark and funny adventures.
946. Hazard,A young man faces hard life choices and tragedies as he attempts to break the cycle of addiction tearing his family apart.
947. Everybody Loves Touda,"Touda is a Sheikha, a traditional Moroccan singer. Performing in the bars of her provincial town under the gaze of men, she plans to leave for the lights of Casablanca, to gain recognition and ensure a better future for her son."
948. Painter and Lampshade,"An artist meets a mysterious woman who becomes his model for his nude artwork. He then fantasizes making love to her; however, he always remembers her number one rule - she can't be touched."
949. Stormskerry Maja,"Seventeen-year-old Maja marries Janne, a fisherman, against her will. Her life on Stormskäret is full of challenges and setbacks. As a fisherman's wife, she has to fend for herself and take care of the family when her husband is at sea."
950. Carved,"A group of survivors finds themselves trapped in a historical reenactment village on Halloween, where they must unite to battle a sentient, vengeful pumpkin."
951. Love Switch,"Married couple James and Michelle, on the verge of divorce, magically switch bodies on their anniversary. Forced to experience life from each other's perspectives, they gain newfound respect and understanding, rekindling their love."
952. In Her Place,"Chile, 1955. The case of María Carolina Geel, a popular writer who murders her lover, captivates Mercedes, a shy secretary working for the judge assigned to defend the accused."
953. The Birds Who Fear Death,"Two brothers, disinherited and desperate for cash, journey into the Canadian wilds to find themselves, their people and their fortune."
954. The Night Before Christmas in Wonderland,"The Queen of Hearts has outlawed Christmas. As a child, the white rabbit missed her gift. Years later, Father Christmas receives the lost letter and voyages to Wonderland. With the help of curious young Alice, can Christmas be saved?"
955. The Last Redemption,"Epic quest pits fearless outlaw Diana and knight Tyrion against villainous Lord Roland for kingdom's survival. They unite to defeat Roland, save princess, and restore peace after uncovering truths about rebellion and kingdom's fate."
956. Way Home,"A father enters war-torn Syria seeking his son Adam, facing deadly challenges that test his limits and beliefs. A journey of parental love, sacrifice, powerlessness and forgiveness."
957. Prom Dates,"Jess and Hannah, at 13 years old made a pact to have the perfect prom, only 24 hours before the big event, everything is ruined when they break up with their dates. Now they have one night to find new dates and make the fantasy comes true."
958. Severance Mountain,"After a tragic loss two friends reunite for a camping trip to the Adirondacks, but when police discover a dead body on the mountain, they fear an unknown killer may be hunting unsuspecting tourists."
959. Little Wing,A 13-year-old girl is dragged into the world of pigeon racing as she deals with her parents' divorce and the impending loss of her home.
960. And Mrs,"When a reluctant bride-to-be's fiance drops dead, she insists on marrying him anyway - vowing to overcome public opinion, the law of the land, and her loved one's objections."
961. Der Spitzname,"Amid the chaos of acting dreams, career obstacles, bitcoin trading, overprotective parents, job loss, and mischievous children, a couple's Alpine wedding hangs in the balance."
962. Chantal in Fairyland,"Chantal will be involuntarily transported to a fairy tale world, fighting against witches and tyrant kings, but above all for her friendship with Zeynep."
963. Altered Reality,"Oliver's life transforms when gifted a not-yet-existing miracle drug. Riches, unscrupulous pacts, and morphing of past and present create this 'Altered Reality, ' a gripping tale of redemption and choices."
964. #AMFAD: All My Friends Are Dead,"A group of college friends rent an Airbnb for the biggest music festival of the year. A weekend of partying quickly takes a turn, as the group is murdered one by one."
965. Christmas Eve in Miller's Point,"On Christmas Eve, a family gathers for what could be the last holiday in their ancestral home. As the night wears on and generational tensions arise, one of the teenagers sneaks out with her friends to claim the wintry suburb for her own."
966. Futra Days,"After undergoing an experimental time travel ""process"" that sends a man into his future, he investigates the man he has become, by engaging in a romance with his future self's girlfriend in a mind-bending reality."
"967. Love, Danielle","Amid family drama and dysfunction, a woman who carries a BRCA gene mutation must decide whether or not to remove her breasts and ovaries to reduce her cancer risk."
968. Classified,A career CIA hitman who's been solely using the classified section of various newspapers to receive his orders suddenly discovers that his division's actually been shut down for years.
969. House of Sayuri,"A family moves into a house, but discover that it is haunted by a murdered girl."
970. We Were Dangerous,"Nellie, Daisy and Lou attend an institution for delinquent girls on an isolated island in 1954. The trio rail against the system, finding strength in their friendship but this is challenged when the school's matron divides them."
971. Angelo dans la forêt mystérieuse,"It follows Angelo, a ten year old who dreams of becoming an explorer and a zoologist. When he goes to visit his granny, his parents leave him behind at a rest stop, and he decides to cut through the forest in search of them."
972. Passport to Love,"A successful international travel writer, Nicole, has scored a dream seaside rental to research her newest vacation article only to discover it has accidentally been booked also by Kade, a marketing rep for a competing travel magazine."
973. Einstein and the Bomb,"What happened after Einstein fled Nazi Germany? Using archival footage and his own words, this docudrama dives into the mind of a tortured genius."
974. Salve Maria,"Maria, a new mother and writer, is transfixed by the disturbing case of a woman who drowned her infant twins, prompting her own journey through the complexities of motherhood."
975. The Reunion,"A family comes together at their estate under the pretext of celebrating their grandma's birthday, but they have come to ship her off to a nursing home and vie for the share of an inheritance in her wake."
977. Ferry 2,"After losing his drug empire, Ferry Bouman seems to have found peace away from Brabant's underworld. Why would he put it all on the line and come back?"
978. 2B Honest,"Murder, love, insurance policies. On the run from the law, Kato Roberts stumbles into a secret community that throws him into a world of chaos."
979. Guruvayoor Ambalanadayil,"A young man never wanted to marry because his girlfriend married someone else. Five years later, he was all set to get married. But a discovery about his bride's extended family forces him to reconsider? Will he marry her?"
980. Broken Rage,Director Takeshi Kitano presents a two-part film: a serious yakuza action and a self-parodying comedy of the same story.
981. All the Long Nights,"Misa, battling PMS and stigma, starts anew at Kurita Optics. Amidst work and sweets, she meets Takatoshi. Despite his quiet demeanor and struggle with panic attacks, a deep bond forms."
982. Brats,Centers on 1980s films starring the 'Brat Pack' and their profound impact on the young stars' lives.
983. Mononoke the Movie: The Phantom in the Rain,"A deadly and mysterious master of the occult travels across feudal Japan, seeking malevolent spirits called Mononoke to slay. He must uncover their Form, Truth, and Reason to wield the mighty Exorcism Sword against them."
984. Srikanth,"Blind Srikanth gets into MIT, founds Bollant Industries. Pursues goals for visually impaired while facing entrepreneurial challenges, navigating personal sacrifices. Highlights obstacles overcome by the blind in academics and business."
985. Blue Sun Palace,"When tragedy strikes, an unexpected bond forms between two migrants in the Chinese community of Queens. Far from home, their labor-filled lives intertwine as they grieve and search for familial connections."
986. Mittran Da Challeya Truck Ni,"Satta, a truck driver, wants a practical wife to organize his life. Jindi, an independent woman, desires wealth and luxury. Their clashing paths lead to an unconventional relationship defying traditional romance norms."
987. The Blue Angels,Follows the veterans and newest class of Navy and Marine Corps flight squadron as they go through intense training and into a season of heart-stopping aerial artistry.
988. Staycation,"As a candid interview carries on between the country's leading virologist and a no-nonsense journalist, college roommates deal with the daily struggles of a global pandemic, and a couple separated between continents play catch up."
989. Decoded,"In the 1940s, the world was turbulent, and it was crucial to decipher enemy's communication codes timely and accurately. Rong Jinzhen showed a unique talent. He was noticed by more because he accidentally solved the difficult problem."
990. Barda,"Barda is about the terrible events that happen to a group of friends who come together for a celebration in a bar. Also labeled as ""Türkiye's First +18 Realistic Film""."
991. The Grinch that Stole Bitches,"The Grinch has to settle the score with Santa, so he decides to take a different approach."
992. The Empire,A small village of Northern France is the battleground of undercover extraterrestrial knights.
993. The Invisibles,"A couple facing the end of marriage, when the husband starts to disappear. As he fades from existence he discovers a new world of people who have disappeared just like him."
994. We Are Wolves,"When Fenix, a lost soul craving something more, tries to re-join her chosen family, to prove her worth, she must play some very dangerous games."
995. Come Closer,"Wild, restless Eden, following her brother's death, discovers his secret girlfriend, sparking a passionate, perilous bond. Israel's 2025 Oscars entry."
996. The Sleeping Woman,"Ana, a nursing assistant, begins to feel attracted to Agustín, the husband of a woman in a coma whom she cares for. She then begins to be harassed by strange phenomena who want to throw her out of the house and separate her from Agustín."
997. Je Jatt Vigarh Gya,"Follows the story of Daler (Jayy Randhawa), a straightforward and a fierce individual whose life takes a drastic turn due to unforeseen personal circumstances. Faced with injustice and unnatural behavior, Guri's transformation from a it"
998. Hotspring Sharkattack,There have been cases of mysterious disappearances of onsen visitors in Atsumi city in S prefecture.The victims were eventually found dead with signs of severe injuries to their bodies resembling a vicious shark attack.
999. The Last Journey,"Renowned Swedish TV-duo Filip and Fredrik embark on a trip to France, aiming to rekindle the zest for life of Filip's father"
1000. Last Known Location,"Three women from different walks of life are mysteriously taken. Detectives struggle to find a connection, as the women seemingly vanished into thin air. Over time, the women form an unlikely bond that becomes the key to their survival."
1001. Russians at War,"Follows Russian soldiers in combat, revealing colonial history and their increasingly unclear motivations amid daily struggles and losses."
1002. Anweshippin Kandethum,Revolves around two major crimes that shook kerala and the subsequent inquiry into the cases by sop.
1003. Breathe,"An East Flatbush mother and daughter, barely surviving in an oxygen-less world, must band together to protect each other when intruders arrive claiming to know their missing father."
1004. Nunakuzhi,A young man caught in a web of lies and mistaken identities.
1005. Beezel,"Over 60 years, three guests of a cursed home discover an eternal witch who lives beneath it with an insatiable thirst for living souls."
1006. Finding Tony,"When a depressed, widowed NBA star loses everything, he reluctantly begins coaching a junior college women's basketball team, where he meets an orphaned basketball phenom who will change his life forever."
1007. Two to One,"After the fall of the Berlin Wall, a communist family discovers a bunker full of money soon to be worthless. With the help of their neighbors, they embark on a race against time to enter the capitalist world in style."
1008. Between the Mountain and the Sky,"An inspiring story of love and resilience after tragedy strikes humanitarian Maggie Doyne, mother to over 50 Nepalese children."
1009. Cold Wallet,"A team of Redditors lose everything after a cryptocurrency scam leads them to plot to kidnap the ""financial influencer"" who screwed them over."
1010. Jim Henson: Idea Man,"A trip into the mind of creative visionary Jim Henson, from his early years puppeteering on local television to the worldwide success of Sesame Street (1969), The Muppet Show (1976), and beyond."
1011. La familia Benetón,"Toni, a curmudgeon in his fifties, single and childless, runs away from children at all costs. His life takes an unexpected turn when his sister dies and overnight he becomes temporary guardian of her five adopted children."
1012. Skinjacker,"The Isle of Skye in Scotland has its fair share of myths and legends. One night, what appears to be a meteorite crashes down upon the island's rocky hillside, cutting all power in the area. Then people start to vanish."
1013. Swatantrya Veer Savarkar,"The life journey of Indian freedom fighter and reformer Vinayak Damodar Savarkar, popularly known as Veer Savarkar."
1014. Halinghing,A photojournalist assigned to cover the story of an award-winning actress who is accused of killing her businessman husband.
1015. Killer Body Count,"Mistaken as a sex addict by her dad, Cami is sent off to a remote religious treatment center where the other kids are being hunted by a killer."
1016. Meet Me Next Christmas,"In pursuit of a fairytale romance with the man of her dreams, Layla must race through New York City to get her hands on the hottest ticket in town: the sold out Pentatonix Christmas Eve Concert."
1017. You Are the Apple of My Eye,"A group of close friends who attend a private school all have a debilitating crush on the sunny star pupil, Sun-ah. The only member of the group who claims not to is Jin-woo, but he ends up loving her as well."
1018. Takintilar,"Famous therapist Dr. Baykal is late. Six obsessive compulsive disorder patients meet in a clinic, get acquainted, and explore group therapy while waiting for his consultation."
1019. The Lost Daughter,"A young woman follows a mysterious melody onto a remote tidal island. When she crosses back over at the next low tide, she emerges into a world where 25 years have passed."
1020. Getting Lost,"A documentary revisiting the global television phenomenon Lost. Featuring interviews with the cast and crew, as well as members of the loyal fan base who still celebrate the show twenty years after it originally aired."
1021. Outlaw Posse,"In 1908, an outlaw returns from years of hiding in Mexico to claim stolen gold hidden in the hills of Montana."
1022. Candidatul perfect,"Costica, an aimless man, runs for president inadvertently backed by a corrupt party planning to lose and continue embezzling funds, all while he naively seeks to secure his neighbor's parking spot."
1023. The White Mountain,"Follow elite heli-rescuer Bastien and female extreme skier, Hadley as they confront personal challenges on and off one of the world's most iconic mountains, exploring risk, resilience, and our bond with nature amid climate change."
1024. The Other Way Around,"After 15 years as a couple, Ale and Alex decide to throw a party to celebrate their separation, leaving their loved ones perplexed."
1025. Panopticon,"An introverted teen whose father joins a monastery befriends a right-wing activist, navigating sexuality and friendship amid post-Soviet Georgia's clash between religious values and progress."
1026. Exorcism Chronicles: The Beginning,"An excommunicated priest helps his monk friend protect a powerful boy from an evil master, forcing him to confront his past."
1027. All Illusions Must Be Broken,"Through the lens of American cultural anthropologist and Pultizer Prize-winning author Ernest Becker, ALL ILLUSIONS MUST BE BROKEN is a cinematic rumination on human mortality and the lengths to which we go to deny it."
1028. Devara Part 1,"A mighty sea warrior takes a violent stand against the criminal deeds of his village. Years later, his mild-mannered son walks a path of his own."
1029. The Hobby: Tales from the Tabletop,"Explores the passionate world of modern board gaming, following enthusiasts who find community and meaning through games."
1030. A Sacrifice,"Ben, a writer and social psychologist, moves to Berlin to study cults. His daughter Mazzy falls for a boy with dark intentions. Things turn terrifying when a dangerous cult threatens their lives."
1031. She Came Back,"The terrifying journey of Charley who, after a near-death experience, is haunted by her relationship with her deceased mother."
1032. Rumours,"The leaders of seven wealthy democracies get lost in the woods while drafting a statement on a global crisis, facing danger as they attempt to find their way out."
1033. Invader,"A young woman arrives in the Chicago suburbs and begins to suspect that something terrible has happened to her missing cousin, but soon realizes that her greatest fears don't even begin to scratch the surface."
1034. Bad Director,"It follows Gregor Samsa, a washed-up director in his late fifties who is reviewing his life. Him having wasted it as a cultural worker doesn't exactly add to his joy."
1035. Carnival Is Over,"Regina and Valério are a happy couple seeking a way out of their criminal family business, but their efforts only push them deeper into the pit they hoped to escape."
1036. Thelma the Unicorn,"A singing pony who dreams of stardom finds instant fame when she transforms into a sparkly unicorn, but becoming a celebrity is one wild ride."
1037. The Bibi Files,An inside look into the corruption charges against Israeli Prime Minister Benjamin Netanyahu through leaked police interrogation videos.
1038. Isolation,"Jovan, a young biologist, gets a well-paying job in a forest, but when he checks the cameras he discovers a man and as time goes by the night calls, strange sounds and isolation plunge him into paranoia."
1039. Shoutai,"Accused of a brutal murder, Kaburagi escapes and goes on the run across Japan. Detective Matanuki pursues him, but after 488 days missing, Kaburagi's true identity and motives remain a mystery."
1040. www.RachelOrmont.com,Psychedelic technosatire feature about growing up in captivity.
1041. Interstate,"A supernatural thriller in which a hitman, facing an existential crisis, decides to exit the game and leave town with the woman he loves, but his plans are disrupted by a mysterious young man and his ruthless former boss."
1042. Savages,"In Borneo, at the edge of the tropical forest, Kéria is given a baby orangutan. With the forest under greater threat than ever, Kéria, Selaï and the little primate, Oshi, will have to face many obstacles."
1043. Almost Popular,"Susie and Bobbie, high school sophomores, go on a quest to fulfill their dream to become part of the elite POP Girls who rule the school. After a series of unfortunate and humiliating attempts, they get their big chance."
1044. Auction,"André Masson, specialist in modern art, receives a letter according to which a painting by Egon Schiele had been discovered in Mulhouse. He finds that the work has been missing since 1939. This discovery puts his career in danger."
1045. Murder at Hollow Creek,A disbarred lawyer and his eccentric brother attempt to pull off the robbery of a lifetime but find themselves in a dangerous game of cat and mouse with a disgruntled Serbian mobster
1046. Green,"Green follows the harrowing journey of Mayanna, a man battling paranoid schizophrenia. Haunted by delusions and hallucinations, Mayanna's mind is tormented by a monster from a childhood story told by his mother."
1047. The Greatest of All Time,"Gandhi is a hostage negotiator, field agent, and spy working for the Special Anti-Terrorist Squad (SATS). After years of service, he is called back for a critical mission that sets him on a dangerous collision course with his own past."
1048. Parvulos,"Three young brothers living in a cabin in the middle of the woods hide a dark, disturbing secret in their basement."
1049. Streets of Gloria,"Gabriel, a closeted gay anthropologist, travels to Rio after his grandmother's death to study sex workers. He becomes seduced by his research subjects and joins them as a sex worker himself."
1050. Slay,"After a booking mistake, four drag queens find themselves performing for a mostly unwelcoming crowd, but when vampires attack, the crowd looks to the queens to save the day."
1051. Ebony and Ivory,"In 1981, two musical legends gather at a Scottish cottage on the Mull of Kintyre for a tense summit surrounded by the smell of breaded vegetarian food and the whiff of a potential Global Smash hit single."
1052. Operation Taco Gary's,Two brothers embark on a cross country road trip that quickly devolves when they become involved in a global conspiracy.
1053. À bicyclette!,"Mathias takes his best friend Philippe on a bicycle road trip. Together they will retrace the journey that Youri, his son, had undertaken before tragically disappearing. An epic that they will experience with tenderness, humor and emotion."
1054. Some Nights I Feel Like Walking,A rich teenage runaway and a group of street hustlers who both seek to find a place for themselves in the world.
1055. Before We Forget,"An Argentinian filmmaker struggling to finish a movie about his unrequited first love receives an unexpected invitation to reconstruct his memories, revisit his past and perhaps even find a new ending to his story."
1056. The Last of the Sea Women,"On the shores of Jeju Island, a fierce group of South Korean divers fights to save their vanishing culture from looming threats."
1057. The Undertaker's Wife,"Four years after losing their son in a drunk driving accident, Jack and Sarah Davis move into an historic funeral home in the deep south to start a new life."
1058. Amusement Park,"Anonymous figures walk the streets in search of encounters, until one of them breaks through the barred gate of the city park and begins to explore its paths. This forbidden territory is then sown by the imperative of desire."
1059. Nawi: Dear Future Me,13-year-old Nawi finds out her father is selling her to a much older man for a herd of goats. Instead of obeying tradition she chooses to fight her impending marriage and embarks on a journey to reclaim her dream of joining high school.
1060. To Kill a Wolf,"In a modern re-imagining of Little Red Riding Hood, a social pariah discovers a teenage runaway in the Oregon Wilderness and does his best to help her find a way home - a troubling exploration of trauma and redemption."
1061. Por,"Journey that delves deep into the complexities of friendship. Set against the backdrop of a vibrant college festival, the movie explores the intricate dynamics between two friends whose paths diverge and ignite a fierce competition."
1062. My First Film,"Follow a young filmmaker, as she recounts the story of struggling to make her first feature. Fact bleeding into fiction, and past, present, and future converging to create a modern myth that redefines the very act of creation."
1063. Psychonaut,"Enabled by a mysterious futuristic machine, Max, a young woman, dives inside the mind of her dying girlfriend, trying to find the essential memory that could save her life, all the while being hunted by a man they presumed to be dead."
1064. Elie Wiesel: Soul on Fire,"Holocaust survivor Elie Wiesel's life journey, from his family's deportation to his legacy as writer and human rights advocate, told through personal archives, family interviews, and his own voice."
1065. Straight A Pregnancy,Brilliant student Kelsey gets pregnant after a one-night stand with notorious frat boy Ben. He cuts her off until learning about the pregnancy.
1066. The Old Bachelor,"Two Iranian brothers live with their abusive father. When he rents to a young woman planning to marry her, her attraction to the older son creates tension in their already fractured family."
1067. Sons of Rizk 3,"Four brothers engage in criminal acts but vow to go straight someday. After a deal unravels, the eldest sibling wants to quit crime, yet his defiant younger brothers make a risky deal with a notorious criminal overlord."
1068. It All Ends Here,"A lawyer gets his affluent client acquitted of double homicide but drunkenly confesses the truth, becoming an outcast. He reunites with an old flame to seek vengeance while everyone's innocence becomes questionable."
1069. Lesson Learned,"Young teacher Juci rebels against archaic school methods as Palkó, a new foreign student, struggles to adapt to Hungary's demanding education system. Their stories mirror societal oppression."
1070. Hauntology,"An older sister takes her fearless runaway sibling on a road trip, to share the most chilling tales surrounding their hometown."
1071. Twin Lies,"When a young barista takes her twin sister's place for an escorting gig, all hell breaks loose when their mysterious client turns dangerous."
1072. Shark Island,Beautiful models travel to a tropical island for a bikini photo shoot with a priceless necklace. But a killer is loose on this remote island and the only way out is through shark-infested waters.
1073. National Theatre Live: Vanya,"Andrew Scott brings multiple characters to life in Chekhov's Uncle Vanya, filmed live in West End, London. Hopes, dreams, and regrets are thrust into sharp focus in this one-man adaptation which explores the complexities of human emotions."
1074. Witches,"Examines the relationship between cinematic portrayals of witches and postpartum depression, utilizing film history footage alongside personal testimony."
1075. Bystanders,A group of murderous frat boys get more than they bargained for when they cross paths with a couple coming home from a wedding.
1076. Martha,"The film covers the breadth of her extraordinary life through intimate interviews with Stewart herself, who opened up her personal archives to share never-before-seen photos, letters, and diary entries."
1077. A Mother's Embrace,"During massive 1996 Rio storm, firefighter Ana and her firefighter team must evacuate a collapsing nursing home, but the mysterious residents have other sinister plans."
1078. Beyond the Rush,"Working undercover to expose a corrupt judge, an investigative journalist confronts his secret past to reconcile his mother's mental illness and must choose between addiction, obsession and the past, or love, redemption and the future."
1079. Bloodline,"After Alice's disappearance in India, her sister Bella joins forces with martial artist Lee to confront Adharva and uncover the truth behind her disappearance, delving into ancient spells and mysteries that intertwine past and present."
1080. Ataturk II: 1881-1919,"After proving himself at Gallipoli in 1915, Mustafa Kemal began his journey, facing major battles against Russians on the eastern front and British in Syria, becoming the only undefeated Ottoman officer in WW1."
1081. Unbreakable: The Jelena Dokic Story,"Jelena Dokic's refugee experiences, rise to world No. 4 in tennis, and tumultuous relationship with her abusive father Damir Dokic."
1082. Scopophobia,Four girls return home to a ghost town but find themselves being followed. By someone who knows what they did? Or just their guilty conscience? There's more to each girl than meets the eye.
1083. Given 3: To the Sea,"The final installment of the Given series, Given 3 takes place after the events of Hiiragi Mix and focuses on the continuing relationships between the core characters."
1084. Fine Young Men,"When Alf returns to school after a year away, he begins to bond with new student Oliver. This will deeply damage the relationship between Alf and Oliver as Alf faces the transition to adulthood alone, embroiled in crime."
1085. The Moogai,"A young Aboriginal couple brings home their second baby. What should be a joyous time takes a sinister turn, as the baby's mother starts seeing a malevolent spirit she is convinced is trying to take her baby."
1086. The Friendly,"Military medic Curtis gets injured, returns home with dog Friendly who saved him. Curtis and Friendly adjust to civilian life. Curtis falls in love with nurse Sophia, who has a child."
1087. Lumina,"Lumina follows four friends desperately searching for their abductee friend in a DUMB. Whether they find their friend or not in the deserts of the US to the sands of the Sahara, will change their lives forever."
1088. Inheritance,"After the death of eccentric inventor Jan Peszek, a family gathers to inherit his fortune. Unexpectedly, he prepares a last game to test their reconciliation and teamwork."
1089. Body Language,"A woman who excels at reading body language realizes that something is deeply wrong during a quiet night at home, turning a peaceful night into a terrifying fight for her own survival."
1090. Tendaberry,"As her boyfriend returns to Ukraine to care for his ailing father, 23-year-old Dakota faces the challenges of a precarious new reality, navigating the complexities of survival in New York City on her own."
1091. Clickbait: Unfollowed,A group of influencers are invited to a house for a competition with deadly consequences.
1092. Trifole,"In this bittersweet portrait of a vanishing rural way of life, Dalia travels to Piedmont to care for her aging grandfather Igor, an expert forager. Armed with his loyal dog Birba, she hunts for a prizewinning truffle to save his home."
"1093. Kiss Me, Kate: The Musical","'Kiss Me, Kate' is a blend of musical theater, comedy, and drama, set around a theatrical production of Shakespeare's 'Taming of the Shrew'. It cleverly intertwines the backstage antics of a troubled Broadway show with the onstage drama."
1094. The Way We Talk,A soul-searching story about three friends who have different conditions of deafness.
1095. Dear Kelly,"Filmmaker Andrew Callaghan investigates about the life of Kelly Johnson, a participant at a 2021 White Lives Matter rally in Huntington Beach, California, delving into Johnson's background and beliefs."
1097. Mielensäpahoittajan rakkaustarina,Cupid's arrows can pierce even the oldest flannel shirt.
1098. Family Secrets: The Disappearance of Alissa Turney,"Sarah Turney became a viral sensation when she posted suspicions on social media that her dad killed her sister, Alissa. Now Sarah, re-examines her and Alissa's childhood."
1099. El Hawa Sultan,"Sara and Ali have been close friends since childhood, and together, they face many different situations and problems with their friends and families, but some changes suddenly occur in their relationship."
1100. The Great Phuket,"Fourteen-year-old Li Xing lives in a district full of ruins and reconstruction. School brings him nothing but problems and his family is no help at all. One day, he finds an underground shelter where strange things happen."
1101. Invention,"In the aftermath of a conspiracy-minded father's sudden death, his daughter inherits his patent for an experimental healing device."
1102. Who Wants to Marry an Astronaut?,"After fifteen years of relationship, David feels the time has come to take the next step. To do so, he plans an idyllic trip along Route 66 with a wedding in Las Vegas. But when he proposes, his partner rejects him in front of everyone."
1103. 7 Beats Per Minute,"Freediving champion Jessea Lu nearly died during a world-record attempt. She revisits the site of her near-death in this documentary, facing past traumas and struggling back to life."
1104. The Front Room,"It tells the story of a newly pregnant couple who are forced to take in an ailing, estranged stepmother."
1105. Chuck Billy and the Marvelous Guava Tree,Chuck Billy and his gang must unite to save Mr. Lau's guava tree when it is put at risk.
1106. King Baby,"A warped modern fairytale plays out in a crumbling 'kingdom' populated only by a King and a Servant. The arrival of a mannequin Queen throws their carefully constructed world into isolation, madness, and murderous megalomania."
1107. Daye: Seret ahl el Daye,"Daye, an 14-year-old Nubian albino with a golden voice, faces adversity due to his unique appearance. Abandoned by his father and bullied by peers, he dreams of following his idol, Mohamed Mounir."
1108. Guns & Moses,A beloved small town rabbi in the high desert becomes an unlikely gunslinger after his community is violently attacked.
1109. Upstream,"Gao Zhilei's impulsive decision to become a stay-at-home husband leads to unforeseen challenges. As life takes a reverse turn, he's forced to face responsibilities as the family's breadwinner, ultimately finding himself and starting anew."
1110. Stepmom from Hell,"Izzy's father's health fails. She suspects her stepmother and stepsister want his wealth. She uncovers embezzlement, corruption in the family business. Someone is willing to kill to protect secrets, putting Izzy's life at risk."
1111. Salawahan,"Melaine can't get enough with the two men in her life. When a new man arrives, she gives in to temptation."
1112. In Good Hands 2,"A newly reunited father and son grapple with new beginnings after tragedy, but can they manage to fill the void left by a beloved wife and mother?"
1113. Thank You for Banking with Us,"When their father passes away leaving a large sum of money in the bank, two sisters put their differences aside and join forces against Sharia law, according to which their brother has the right to take double what they are entitled to."
1114. Undisputed,"An all-access documentary chronicling the first Undisputed Heavyweight fight in a generation, Oleksandr Usyk's victory over Tyson Fury."
1115. A World Apart,"Michele relocates from capital to remote village Rupe in Abruzzo park. Challenges emerge as she aims to keep local school with few students open, set against idyllic winter and summer backdrops."
1116. Romeo è Giulietta,"A young actress gets rudely turned down for the role as Juliet by a famous director, who's star is waning. She returns in disguise to audition as Romeo just to show him how good she really is and is cast for the role. Classic and fun shakespearian gender role confusion all in Rome."
1117. 1995,A man embarks on a journey to shoot 20 short films around the world for a reality series.
1118. Out,"Lovers Tom and Ajani dream of a new life in which their relationship does not have to be a secret. The two feel like outsiders in their conservative, small village. They move to Amsterdam, where a journey of self-discovery awaits them."
1119. Like Aani Subscribe,"Revolves around a young vlogger, who is also an aspiring actress. Her life turns dramatically when she gets involved in a murder mystery."
1120. The Girl Who Wore Yellow Lace,"Arianna has just signed up with the biggest modeling agency in town. What appears to be a dream come true, has turned into a nightmare. One by one, beautiful models are being found murdered by a mysterious masked killer. Will the Girl who wore yellow lace be his next victim?"
1121. Into the Mortal World,"Adaptation of the classic fairy tale, the descendants of Niu Lang and Zhi Nv continue to write a new adventure."
1122. Private Tutor,"Joy, a struggling teacher, tutors Erica. Erica's wealthy widower father Gordon and Erica develop feelings for Joy, who is dissatisfied with her partner Vigo's lack of support."
1123. Eks,Three compelling stories in one erotic experience. Yen Durano plays three different women in three titillating stories.
1124. Gaucho Gaucho,"A celebration of Argentine Gauchos, a community of cowboys and cowgirls living beyond the modern world's boundaries."
1125. Konchitsya leto,"After a long absence, the young guy Kesha returns to the village. His father and younger brother are waiting for him. Kesha - twenty-seven. He has time behind him. He returned and wants to just live - find some work, save up money, and then decide what to do next. His brother Tima is only seventeen. He has a school behind him, he dreams of going to college - on a ""budget"". And everything seems to be going according to plan. Tima gets high scores at the introductory, Kesha gets a job in a gold mining artel. But very quickly, Kesha is ""thrown"" by prospectors, and he is left without a job and a future and decides to take revenge. He steals the gold and goes on the run. But not alone, but together with his younger brother."
1126. 10 Days of a Curious Man,"When a young woman goes missing in Istanbul, a jaded writer gets tangled up in a deadly chain of events as he sets out to find her and a good story."
1127. Over Easy,Two women go on a weekend trip to reconnect and salvage their relationship.
1128. Levoton Tuhkimo,This film about the Finnish band Dingo and its lead-singer/songwriter Pertti Neumann takes viewers on a nostalgic journey through the rise and fall of Dingo.
1129. Shambhala,"In a Himalayan polyandrous village, pregnant PEMA faces scrutiny as her husband vanishes. With her monk brother-in-law, her de facto spouse, she seeks him in the wild, unraveling her own self-discovery along the journey"
1130. Toxic Daughter,"Life is good for Hagino. She has moved into a new house with her daughter Moeka and her husband Atsuhiro. But everything goes wrong when one day, she receives a call from Moeka, who, terrified, begs her to return to the house."
1131. No Reception,"After being stranded in the wilderness with nothing but his hand sanitizer, a posh city dweller gets caught up in a longstanding feud between two forest hermits."
1132. But What About Tomi?,"Two alcoholics search for their friend who seems to have disappeared, while trying to stay sober in a country where drinking is widely accepted as a daily practice."
1133. Viktor,Deeply personal audiovisual experience capturing a Deaf person's navigation through the Russian invasion of Ukraine and its ensuing chaos.
1134. The House From...,"Examining lives of owners of famous houses from TV/movies, exploring interactions with fans, unexpected fame, and how mass nostalgia impacts personal spaces."
1135. Simona Kossak,"Biography of Simona Kossak, a scientist and ecologist."
1136. Paper Bag Plan,"Facing cancer, Oscar trains his disabled son Billy in grocery bagging, hoping to secure him a job and independence before time runs out."
1137. My Bloody Galentine,"When three women plot revenge on their exes after they are dumped before Valentine's day, their attempts to get even turn deadly."
1138. Camp Blood: Clown Shark,"After being dispatched by a young woman with the special ability to see horrendous murders in her visions, the evil spirit of the Camp Blood Killer passes into that fiercest of aquatic predators, The Great White Shark. And when the killings begin anew, leaving law enforcement baffled, this courageous heroine must return to the woods of the infamous Camp Blood to face off again with a newly reincarnated killer before it's too late for everyone."
1139. White Courage,"Two Highlander brothers, clash after their father's death. Andrzej meets Wolfram, an anthropologist. War erupts, Andrzej seeks Highlanders' cooperation with Germans, leading to a violent brotherly confrontation amidst wartime turmoil."
1140. Opa Cor,A law-abiding Rotterdam dock worker and proud grandfather.
1141. The Happiness I Have,"Dr. Ahmed, who is interested in giving advice to his followers about building character and marital happiness on social media while he faces problems in his marital life, is surprised when his wife proposes to her friend to marry him."
1142. Os Farofeiros 2,"Their company treats co-workers Alexandre, Lima, Rocha, Diguinho, and their families to a trip to Bahia, but this dream trip could be ruined by unseen events and problems."
"1143. Sudan, Remember Us","They are young Sudanese yearning for freedom. Their revolution is poetic, driven by the power of words. The film reassembles fragments of a revolution, a battle pitting the voices of youth against the military's might."
1144. The Cats of Gokogu Shrine,An ample cat colony inhabits a Shinto shrine. Residents care for them; others disturbed by the mess. Filmmaker Kazuhiro Soda observes their coexistence.
1145. Songs of Slow Burning Earth,Reflective observations of Ukraine in wartime are interwoven with eye-witness accounts to contemplate the ultimate tragedy: the normalization of war.
1146. El Hareefa,"Circumstances force Majed to leave his High end life, move from his private school to a public school. Over time,he gains the respect of his classmates because of his football skills"
1147. Ancika,"In 1995, Dilan, the former motorcycle gang leader, fell in love with Ancika, a woman who hated motorcycle gangs. Furthermore, Ancika didn't like dating, so Dilan had to find a way to conquer her, a very different woman from Milea, his ex."
1148. Tsunami Sharks,"A tsunami hits the city and soon, sharks begin infesting the waters.."
1149. Daha Iyi Bir Yarin,"Abandoned lover Ozan suffers, decides to commit state-sanctioned suicide but is rejected due to unknown Ekin's unrequited love. His quest: find Ekin, make her unlove him to legally end his life."
1150. Irklais per Atlanta,"A Lithuanian rows solo across the Atlantic Ocean for 8,500km in a small boat, commemorating pilots who attempted the journey 90 years prior. Despite intense preparation, he faces immense challenges crossing alone."
1151. Once Upon a Honeymoon,"Sodineye and Pearl, two newlyweds, intensely in love, begin to struggle in the early days of marriage after running into a series of unforeseen issues during their honeymoon. Can their love survive these issues and what would it take..?"
1152. Outstanding: A Comedy Revolution,"A feature length documentary that explores the history of LGBTQ+ stand up comedy, considering its importance as an instrument for social change over the past five decades."
1153. People in the Walls,Rachel is introduced to a viral craze of allowing people who living the walls out into the world. This ends up badly and when her parents don't believe her two kids from her school do as they attempt to fight back against these creatures.
1154. Twelve,Family tensions rise during a domino game where supernatural elements reveal secrets and hidden truths.
1155. Kaiju Glam Metal Shark Attack,An accident from space has resulted in the creation of a Kaiju shark-man. A pair of glam rock loving music fans worry that their favorite band's concert will be canceled. Will the world be destroyed? Will the glam metal concert go on?
1156. Grave Torture,Telling about the punishment of the grave which occurred after a man was buried.
1157. Dedalus,"Six content creators join Dedalus, a social contest promising fame and fortune. In an isolated arena, they face increasingly dangerous games, revealing a hidden agenda of revenge behind the competition."
1158. Antidote,"Whistleblowers and activists risk their lives exposing Vladimir Putin's authoritarian regime, facing grave consequences for their courageous efforts to uncover the truth."
1159. On a Dark and Bloody Ground,"In 1986, Miller's End, Kentucky has become the target of something wicked. Many fall victim to a malevolent presence as a lawman and a mourning father are hell bent on solving the mystery and saving their town."
1160. Pasahero,"A group of train passengers' failure to help a woman in distress leads to a journey of conscience, redemption, and unexpected connections."
1161. Badaa Saat Fi Yawman Ma,"In a framework of suspense and romance, the events of the work take place over a period of time not exceeding a few hours, through a group of characters who are linked and intertwined between people and are brought together by love."
1162. Crazy Love for My Ms. Alpha Professor,"Selena, a fierce werewolf, confronts her estranged father and meets Sterling, a playboy trying to stop their parents' marriage. Despite their differences, they form an unexpected bond, transforming through love and loyalty."
1163. Judge Not,Jackie tries to rebuild her life with her children while facing an unplanned pregnancy. Backlash from fellow church members when she resolves to give the baby up for adoption causes her to question her faith.
1164. Chaperone,"Alienated by friends and family for her lack of ambition, 29-year-old Misha finds a dangerous acceptance in a bright 18-year-old athlete who mistakes her for a fellow student."
1165. The Requiem Boogie,"Middle-aged ex-child actor mourning famous father's death gets visited by strangers, charlatans, and acquaintances determined to reunite cast of his old sitcom, complicating his grief process."
1166. One Last Night of You,"When his car breaks down during a fateful road trip, Evan, a suicidal young man, meets Léo, a mysterious boy who offers to drive him to his destination. Along the way, romantic tension ensues as the pair reckon with traumas of the past."
1167. Faith of Angels,A stranger receives mysterious callings compelling him to search for a boy lost in an abandoned mine.
1168. Monkey on a Stick,"Monkey on a Stick is a feature-length documentary exposé of the criminal activity that took place in and around the Hare Krishna movement in America in the 1970s and '80s, adapted from the New York Times bestselling book."
1169. Mogwai: If the Stars Had a Sound,"Over 25 years and 10 studio albums, this Scottish band has defined its own musical genre by mixing powerful sonic force with subtlety and grace."
1170. Kaimynai,"A couple spending their boring married days discovers that settlers have taken up residence in the apartment next door. The story begins with a nice introductory dinner, and almost ends with the divorce of both couples."
1171. What Happens in Miami,Spring break becomes trouble in paradise for a group of best friends when one of their own goes missing and they are the prime suspects.
1172. Cheaters,"Two strangers meet and have strong sexual connection with each other, only to find out that they're both in relationship with others. How can they sustain a relationship that started with sex and cheating?"
1173. Sex-Positive,"Virginia tumbles into a wild and thrilling new world of sexual liberation when she moves in with a group of polyamorous party animals, including the charming but commitment-phobic Jake."
1174. Missing from Fire Trail Road,"The case of Mary Ellen Johnson-Davis, a Native-American woman who disappeared in 2020, exposing how hundreds of indigenous women continue to go missing in the US, perpetuating trans-generational trauma on Indian reservations."
1175. Mucha mierda,"February 4, 1975. It is the first day of a historic strike by actors and actresses that will paralyze theatrical activity in the country for nine days. They demand one day off a week. What begins as a demand becomes a political challenge."
"1176. There Was, There Was Not","Four women of Artsakh face war's aftermath, build lives amid uncertainty until another war interrupts; some take arms, others flee as homeland faces ethnic cleansing and erasure."
1177. The Rhythm and the Blues 2024,"Guitar blues legend Eddie Taylor is challenged by theft of his music, family drama, and British rockers appropriation while fighting to prove his genius before it fades away."
1178. Yodha,"After terrorists hijack a passenger plane, an off-duty soldier aboard devises a strategy to defeat the hijackers and ensure the passengers' survival when the engine fails."
1179. Sikandar Ka Muqaddar,"After an unsolved diamond heist, a hard-nosed cop's pursuit of his key suspect turns into obsession, until they finally face each other and the truth."
1180. The Max Gang,"A smart young man stumbles upon stolen money, which draws him into a dangerous web of crime led by a ruthless gang leader. Together with unlikely allies, he faces exciting challenges to uncover the truth and fight for the homeland"
1181. Jigra,"When Ankur is wrongfully imprisoned and sentenced to death in a foreign country, his steely sister Satya is driven by a lethal resolve to break him free."
1182. Cita,A sexually charged story about a young woman who secretly sleeps with her husband's son. The two form an alliance to kill her husband but fate has other plans for Cita.
1183. Space Cadet,"Rex, a Florida party girl, turns out to be the only hope for the NASA space program after a fluke puts her in training with other candidates who may have better resumés, but don't have her smarts, heart, and moxie."
1184. Striking Rescue,A veteran Muay Thai expert goes on a take-no-prisoners mission of revenge after his wife and daughter are brutally murdered by mysterious forces.
1185. The Soul Eater,"When violent and gruesome deaths starts plaguing a small mountain village, an old legend about a malevolent creature resurfaces."
1186. First Taste,"Yuna, a woman engaged with her long time boyfriend, Nicco, starts to have second thoughts when she meets again her first love, Becca. Now she is torn between the man she loves and the woman she first loved."
1187. The Beautiful Game,Advocates to end homelessness organize an annual tournament for homeless men to compete in a series of football matches known as The Homeless World Cup.
1188. Init,"When a young barrio lass moves in to the city to study, she lives in a boarding house with other college students. Unknown to them, behind her shy and timid personality is a woman with insatiable hunger for sex."
1189. Mon Potongo,"Two young outcasts from different faiths dream of owning a luxury armchair they see in a store window. Working as laborers in the big city, they fight against social barriers and poverty to make their shared dream come true."
1190. Top 1,"Azi and Dex are both vying to be their batch valedictorian but Dex is always behind Azi. He then plans to make her fall in love to be a distraction, but his plan is a double-edged sword."
1191. A Brother and 7 Siblings,"After the untimely death of his older siblings, a struggling young architect suddenly becomes a ""single-parent"" for his nephews. When opportunity for a better life arises, he must choose between his love life, career, or his nephews."
1192. The Shameless,"After killing a cop in a Delhi brothel, Renuka takes refuge in a northern India community of sex workers. There, she begins a forbidden romance with the 17-year-old Devika. Against all odds, they try to forge their path to freedom."
1193. Strictly Confidential,"A haunted young woman finds herself drawn into a world of seduction, duplicity and betrayal as she desperately tries to uncover the mystery surrounding her best friend's suicide."
1194. Woody Woodpecker Goes to Camp,"Woody Woodpecker must find a new home after being kicked out of the forest. At Camp Woo Hoo, he thinks he's found a forever home, but there's an inspector on the loose who wants to shut down the camp."
1195. Thiru.Manickam,"A man who is getting chased by everyone for doing good, yet he overcomes opposition. Among everyone who is trying to survive, this man wants to live. Shows how Manikkam becomes Thiru Manikkam"
1196. TL,"Brenda, a top agent in a BPO company, is always overlooked for promotion. But not this time; as she gets more than intimate with her TL. Is her long awaited position within her reach? Or did she just put herself in a bad situation?"
1197. Hijack '93,"In an effort to dismantle their military-backed government, four men hijack an airplane, leveraging passengers on board in the name of social change."
1198. The Vampire Next Door,"Introverted Cameron, is desperately in love with his high school crush Diane. But his romantic pursuit is halted when Victoria, a female vampire moves in next door. Cameron soon discovers he's in the middle of a life-and-death adventure."
1199. The Long Game,"Ambitious young actress Holly Sloan agrees to help her boyfriend Richard Metzger scam Hollywood legend Mariah McKay, but the two women strike up an unlikely friendship instead. Soon Holly must decide where her true loyalties lie."
1200. Escape,Follows the struggles of a North Korean sergeant who is chased by a ruthless major after he defects.
1201. Harbin,Follows Korean independence activists who launched a daring attack in Harbin against the Japanese to gain their country's independence.
1202. Bogota: City of the Lost,"Young man moving to Colombia with his family for a better life, but he ends up living from hand to mouth. He later goes against all odds to dominate Bogota's black market."
1203. Bloody Mary,"Two witches' Blood Moon ritual requires a male sacrifice, but tonight's chosen one disrupts their plans. As they face unexpected dangers and personal demons, their bond proves more powerful than magic."
1204. Ayalaan,"A lost alien seeks help to go back to his home, but everything gets harder after the alien returns to its home."
1205. Dashmi,Dashmi sheds light on the sensitive issue of multiple rapes plaguing our society.
1206. Kabitan,"Alice, a depressed mistress, forms a deep emotional and sexual bond with Mika, her neighbor, who is also a mistress. Then, the inevitable happens, they fall for each other."
1207. The Groomsmen Last Dance,"Jackson moves to Italy to be near his daughter, but a chance meeting with cafe owner Gabriella, and some meddling friends, may lead to a second chance at love."
1208. The Girl in the Pool,A well-to-do family man is forced to struggle through a surprise birthday party moments after hiding the murdered corpse of his mistress.
1209. Guntur Kaaram,"Years after his mother abandons him and remarries, a man demands answers when he's asked to sign a document denying he is her son as she runs for office."
1210. The Calendar Killer,Klara is going to die today unless she kills her husband instead. The Calendar Killer has given her that impossible choice. When Jules starts his night shift at a safety helpline for lonely women on their way home Klara's call reaches him.
1212. Donselya,"An 18-year-old virgin, Iris, enters a marriage of convenience with wealthy widower Joaquin for financial gain. However, the discovery of her deceit regarding her purity leads to a disastrous honeymoon."
1213. The Kingdom,The story is set in the Kingdom of Kalayaan in the contemporary era in an alternate version of the Philippines where the islands were never colonized.
1214. Whisper of the Witch,"Mara, an ancient pagan spirit, hunts a group of teenagers taking their body parts to be reborn. A disillusioned and desperate investigator has to face his deepest fears to save the teenagers."
1215. Justicia artificial,A judge evaluating AI court software discovers murder and conspiracy when the creator dies. She must confront powerful state interests while her life hangs in balance. A thriller on AI's role in justice.
1216. The Family Star,"The highs and lows of family relationships in a Indian middle-class family. The life of Govardhan, who wants to achieve greatness in life but has to navigate through a myriad of relationship/trust/ego issues."
1217. 2073,A woman living in a ruined Earth tries to comprehend how the world was destroyed.
1219. Sunray: Fallen Soldier,"A war veteran calls on friends from his past to hunt down those responsible for the death of his daughter. Along the way, he learns more about himself than he anticipated as a violent crime syndicate unravels in his wake."
1220. Naomi: Reversed,"A teacher named Naomi takes in Yuzuru, a younger man she found alone. While caring for him like a stray cat, she falls for him despite his wild nature. She questions her choice but has no one to confide in."
1221. Appuram,"A teenager battles fear, societal taboos, and gender bias while honouring a promise to her mother in this poignant coming-of-age story."
1222. I Love You Forever,A subversive romantic comedy gone wrong that follows a young woman into and out of an emotionally abusive relationship.
1223. Bhool Bhulaiyaa 3,"Ruhaan, a fraudster posing as an exorcist, takes on a lucrative case at a haunted castle, unraveling a sinister plot involving mischievous priests, culminating in a hilarious yet thrilling ride filled with unexpected twists and scares."
1224. A Stranger by the Hill,"Mahi, an NRI photographer visiting her late mother's beloved Manali, meets charming teacher Angad. After a passionate night together, she finds herself locked in and trapped in an increasingly dangerous situation."
1225. Dilig,"About to get married to an old, wealthy businessman, Resa enlists the help of gardener Otso to seduce her fiancé's daughter, Katelyn, and record his sexploits with her in order to get her disowned."
1226. Find Me Falling,"After a failed comeback album, rock star John Allman escapes to a dreamy Mediterranean island, only to discover that his new cliffside home has an unfortunate notoriety that attracts unwanted visitors and an old flame."
1227. Autumn and the Black Jaguar,"After years in New York City, 14-year-old Autumn returns to the Amazon rainforest to save her childhood village and beloved jaguar friend."
1228. Boy Kaldag,"A man famous for being well-endowed, drives women wild and sparks envy among other men. As his legend grows, Boy Kaldag plunges into a world of lust and chaos that comes with his special characteristic."
1229. Vicky Vidya Ka Woh Wala Video,"A newly married couple's relationship and reputation are put at risk when their private video CD is stolen. The story follows their roller coaster journey to recover the CD, navigating a series of unexpected difficulties along the way."
1230. Hitpig,A bounty hunter pig finds himself trekking the globe with a free-spirited elephant he intended to capture.
1231. Vegan,"A vegan social media influencer goes on a quest to document the search for her biological parents. Her search leads her to a defunct, secluded farm where she encounters The Farmer, and her worst nightmares become reality."
1232. Unpredictable,"A modern thriller filled with intense sexual tension. Betrayal, jealousy, revenge and lies. A plot full of tension and twists of events."
1233. Indian 2,"Senapathy, an ex-freedom fighter turned vigilante who fights against corruption. Senapathy returns to the country to aid a young man who has been exposing corrupt politicians in the country through videos on the internet."
1234. Life After Fighting,"A martial arts instructor is confronted with the disappearance of two of his students, leading him into a direct confrontation with a group of international child traffickers."
1235. Kulong,"Three celibate friends seclude themselves at a resort to pen a steamy script for a competition, but struggle to write convincingly about intimacy they haven't experienced."
1236. Ronny - The ruler,"A disillusioned actor turns into a feared mass rowdy, using his power to dismantle corrupt systems amid societal conflicts."
1237. Finding Faith,"Victoria, a Christian advice columnist writing under the name Faith, begins to lose her faith after a series of life events. On her journey back to God, she also finds her way back to love."
1238. Uhaw,A wife learns that her husband who's in coma had an affair. She confronts the other woman but instead finds solace in her. She then realizes she's falling for her husband's mistress.
1239. Witchy Ways,"Retreating to a cabin her late mother believed was magical, a skeptical Eve meets Danni, a witch whose secrets challenge Eve's logic. As romance sparks, supernatural secrets and a vengeful neighbor threaten everything Danni holds dear."
1240. Angels Fallen: Warriors of Peace,"When an Iraq War veteran receives a calling from a higher power, he embarks on a mission to stop a fallen angel from raising an army of the dead to take over the world."
1241. Pakal Iravu,"Stranded in a deep forest after his jeep breaks down, Antony seeks refuge in the isolated home of a man named Viruman."
1242. Do Not Enter,"Two friends, aspiring YouTubers, trespass where they shouldn't. Their adventure takes a terrifying turn as they confront an unimaginable horror."
1243. Water Horse,A paranormal investigator links a bizarre string of seemingly unrelated events to the disappearance of her mother.
1244. Pukpok,"Jennilyn, a hardworking secretary at a construction site hides a lot of dark secrets. When she seeks the help of the newest employee, her plans start to collapse."
1245. Kill Em All 2,Phillip comes face to face with a Russian-French terrorist who comes exact vengeance on him for killing his brother.
1246. Utopia,"Soldier investigates wife's disappearance, infiltrates facility believing she's trafficked. Discovers facility is futuristic fantasy park blurring reality and illusion, complicating his search for truth about her fate."
1247. Dirty Ice Cream,"Villagers are experiencing an extreme heat. Two hot ice cream vendors come to the village to sell ice cream. With electricity out, the women of the subdivision take turns having the vendors satisfy their every needs."
1248. A Mistake,"In the midst of a new scheme to publicly report surgeons' performance, a gifted surgeon's life is thrown into disarray as her colleagues begin to close ranks, and even her partner who is a nurse at the hospital turns her back on her."
1249. Crust,"A depressed has-been child actor and owner of a dingy laundromat, becomes powerfully vengeful when his collection of lone socks transforms into a protective, cute, murderous monster named Crust."
1250. The Gentleman,"Eccentric director Rande faces threat from young actor Dane to his success, Oscar aspirations, marriage, and career. His jealousy and indecisiveness jeopardize his lavish Hollywood life, forcing him to reevaluate priorities."
1251. Heart of the Hunter,A retired assassin is pulled back into action when his friend uncovers a dangerous conspiracy at the heart of the South African government.
1252. The Curse of the Necklace,Family navigates turbulent 1960s dynamics. Mom separates from alcoholic husband. Daughters grapple with changes. Dad's antique gift hides dark force that imperils all.
1253. Siren,"An ambulance driver turned criminal eagerly awaits his release from prison, but it takes 14 years."
1254. Pedro Páramo,"Follows a dusty road to a town of death. Time shifts from one consciousness to another in a hypnotic flow of dreams, desires and memories, a world of ghosts dominated by the figure of Pedro Páramo, lover, overlord, murderer."
1255. Darkness of Man,"Interpol operative Russell Hatch witnesses the death of an informant when a seemingly routine raid goes wrong. Years later, he finds himself protecting the informant's son from a group of merciless gangs involved in an all-out turf war."
1257. Stag,"Gold reappears after vanishing for months. His car breaks down in a remote area. He meets peculiar people in a house. Waking up in his car, he questions if it was a dream or reality."
1258. The Clean Up Crew,"When a crime scene cleanup crew discovers a briefcase full of money, they are unwittingly sent into a battle with a ruthless and corrupt crime boss, mobsters, hitmen, and corrupt government agents who are hell-bent on getting it back."
1259. Dominique,"Trained assassin Dominique, escaping her troubled past, crash lands her plane in a Colombian town rife with violence. Sheltered by a family, she faces attacks from police and must choose between self-preservation or defending her hosts."
1260. The Bad Shepherd,A group of friends on a hunting trip accidentally run over a woman carrying a bag of money. Their loyalty is put to the test when a strange man comes knocking.
1261. Shirley,Shirley Chisholm makes a trailblazing run for the 1972 Democratic presidential nomination after becoming the first Black woman elected to Congress.
1262. Lover,"Arun and Divya's six-year relationship starts unraveling as they drift apart, raising the question of whether love can withstand such differences."
1263. The Present,"A brilliant boy discovers that he can manipulate time using a family heirloom. He soon teams up with his siblings in returning to the time of their parents' separation, with hopes of changing the outcome."
1264. Get Fast,"After a heist goes wrong, a thief and a troubled orphan must rescue his kidnapped partner from a ruthless drug lord and her charming hitman."
1265. Cookster: The Darkest Days,"A dyslexic teen misunderstood by his family and desperate for respect, becomes a drug dealer struggling with addiction and debt while a rival threatens to destroy his world, driving him apart from the woman he loves."
1266. A Thousand Cuts,"True crime hosts covering a 30-year-old murder find their crumbling relationship mirroring the brutal case they're investigating, all while broadcasting live."
1267. Deadly Ruphoria,"A rare night out for college student Shana Jones turns deadly when Romeon Kingston, the head of a human trafficking ring, sets his sights on her."
1268. Siddharth Roy,"Siddharth Roy Embraces logic and reason but is overwhelmed by emotions, resulting in heartache and inner turmoil."
1269. The Nut Farm,A cryptocurrency trader from San Francisco takes over his missing uncle's macadamia nut farm in the Australian town of Cobweb but he soon realizes the offer comes with conditions.
1270. Nazi Supersoldier,"Searching for an adventurous story in the woods, a group of journalism students awaken a superhuman being from its lost cryo-chamber. A long night of man hunting and desperation ensues."
1271. Level Cross,"An estranged woman and an unruly man from different worlds meet at a surreal setup. Despite their differences, they discover unexpected similarities about life."
1272. Gaslit by My Husband: The Morgan Metzer Story,"Morgan's ex-husband Rodney shows up minutes after a masked intruder has assaulted her in her home. Rodney's answers to the authorities' questions don't seem to add up, which makes him the prime suspect in the attack. Based on a true story."
1273. Wallbanger,"Caroline, a single interior designer, moves into what seems like the perfect apartment only to be awakened nightly by her neighbor, the 'wallbanger,' sparking an unexpected, tension-filled connection."
1274. Cinderella's Curse,"Based on the same folktale that Disney updated and popularized for children, back in the 1950s."
1275. Chandu Champion,A man who faced one adversary after another with an undying spirit. His unwavering zeal and never give up attitude led to India's first individual gold medal in any form of the Olympics.
1276. Tu Sangre,"My mother vanished inside the boarding school where she worked. Through a Ouija board, she told me to look for her. My name is Sofia. I'm 14 years old and I'm going to enroll at the boarding school to find the body of my mother."
1277. Don't Mess with Grandma,"A drunk Army ranger must fight off the vicious robbers who plan to loot the cabin belonging to his sweet, oblivious grandmother."
1278. Kardes Takimi,The story follows a family with kids and parents that are agents. One day the parents tell the kids that they will be away for 2 days. When the parents arrive they get trapped. The kids find a robot and they go on a adventurous journey.
1279. Tim Travers & the Time Travelers Paradox,What happens if you travel back in time and eliminate your younger self? Terminally bored mad genius Tim Travers seeks to find the answer and unravel the time traveler's paradox. The Result? A crazy comedic adventure beyond comprehension.
1280. Stolen,"A young woman's struggle to defend her indigenous heritage in a world where xenophobia is on the rise, climate change is threatening reindeer herding, and young people choose suicide in the face of collective desperation."
1281. Before Dawn,The journey of fictional WA outback kid Jim Collins and his battalion on the Western Front.
1282. She's Obsessed with My Husband,"A woman moves in next door to her ex high school boyfriend, he's now married, and she schemes to end his marriage so she can become his wife instead."
1283. Pantasya ni Tami,"A-Lister Azi Acosta approaches the sexier side of cosplaying. Tami, with the help of her fubu photographer, Ken, sells sexy photos of herself."
1284. Running on Empty,"Follows Mort who discovers he has less than a year to live, and after his fiancé leaves him, he meets Kate in a dating service that matches people by their death dates, all while being stalked by a disturbed pimp."
1285. The Little Mermaid,"Dr. Eric Prince, an archaeologist, makes a dramatic discovery on a small Caribbean island-proof of an ancient, advanced prehistoric society. While his dig is in progress, he meets the mysterious and beautiful Aurora Bey and falls in love."
1286. Saripodhaa Sanivaaram,"In order to defend the innocent from a corrupt and brutal cop, a vigilante hero must work around his own self-imposed code of honor."
1287. Ashes,"A wealthy, married woman falling in love with a mysterious carpenter, which will lead to many conflicts."
1288. Munjya,"A young man's visit to his native village unveils a family secret and a vengeful spirit, the Munjya, who wants to get married. Now the young man must fight to protect himself and his love from Munjya's clutches."
1289. Hagen,"A reinterpretation of the Nibelungen saga centering on Hagen von Tronje, a Viking who allies himself with the ancient gods and takes up arms against an unscrupulous ruler."
1290. Despatch,"News going digital, veteran crime journalist Joy fights irrelevance. Seeking major scoop and personal redemption, he pursues a perilous investigation into Mumbai's underbelly, unearthing dark secrets."
1291. Bau: Artist at War,"The inspiring love story of Joseph Bau, artist, forger, holocaust survivor. Using his artistic skills, humor and hope in the camps, Joseph stays alive and helps hundreds to escape. Miraculously, he finds love in the midst of despair."
1292. Golden Kamuy,"In the early 20th century in Hokkaido, Japan, a treasure hunt between various parties takes place for a hidden stash of gold."
1293. Paluwagan,"In a province where most housewives are deprived of intimacy by their busy husbands, a new savings cooperative is introduced by a merchant. The salary to claim: cash or a night with a mysterious man. The women surely know what to choose."
1294. Late Bloomer,"When Therese learns that her days are numbered, she seeks the help of her friend Maddie to find guys to have sex with, but she soon discovers her real sexual cravings."
1295. The Deb,An original comedy musical about two teenage girls attending a debutante ball in a small rural town.
1296. Succubus,A group of young people arrives to a remote village where they encounter an ancient spirit - a succubus - that can take human disguise. It feeds on one's deepest fears and brings out the darkest side in people.
1297. Billy & Molly: An Otter Love Story,A man forms an unlikely friendship with a wild otter while living in the remote Shetland Islands
1298. Golam,A mysterious death during work hours in an office puzzles all but only Investigator ASP Sandeep Krishna observes it as a murder.
1299. Explosions in My Heart,"Billy falls for Nilo but later learns her lover practices polyamory, forcing her to reevaluate the relationship and her own desires."
1300. Hard Home,"A mother who is deeply saddened lures her daughter's killer into her smart home in order to take revenge, and gets involved in a distorted game where life and death are at stake."
1301. Love Story,Tells the love story of a model and a director.
1302. X Files,"In the world there are thousands of mysteries still unsolved, the problem is when these mysteries become our greatest fears of our life. These stories awaken our worst nightmares."
1303. Joe Baby,"A money collector for a private investigator is hired to track down 10 million dollars stolen in a dodgy real estate deal, opening a complex can of worms."
1304. Eating the Future,"An eco-investigator is traumatised by her work accessing factory farms and documenting animal abuses undercover. Terrified of a future of climate apocalypse, she embarks on a journey into the food systems that shape our planet, to look for hope."
1306. Laws of Man,"At the dawn of the Cold War, two U.S. marshals pursue a wanted murderer in the deserts of Nevada."
1307. A Beautiful Imperfection,"The passionate story of the life and love of Lucia, a renowned veiled courtesan who is the exception to the rule."
1308. Bhairathi Ranagal,"Bhairathi Ranagal delves into the story of Ranagal. How did he rise to such prominence? The film focuses on his origin, his journey to power, and who he was before he became the most dreaded gangster of Ronapura."
1309. F-Buddies,"Jas' boyfriend breaks up with her because she's boring. To prove him wrong, and just to continue to be with him, she agrees to be his f*** buddy."
1310. Here After,"Claire is overjoyed when her daughter Robin is miraculously revived after a fatal accident. But her relief turns to dread as Claire notices changes in her daughter, suspecting something dark has followed her back from the brink of death."
1311. Huwad,"When Romina learns that her husband has been cheating on her, she turns to the town's folk healer for help and obtains a love potion. But it seems the potion is working on everyone except her husband."
1312. This Too Shall Pass,"Simon, a 16-year-old suffocated by his strict Mormon upbringing, rebels and crosses the border with friends for a weekend in Canada, as they individually discover more about themselves."
1313. Special Needs Revolt!,"In a future dystopia, a man with Down syndrome joins a rebellion against America's cruel dictator who has put all people with disabilities back into institutions."
1314. DarkGame,"A determined detective is in a race against time to stop a twisted game show on the dark web, where captives are forced to compete for their lives."
1315. Mechanic,"Celebrities are know need to looks likes Abdhul kalam and Abraham Lincoln, might be as a arrogant guy .He is the symbol to show ,How should not be a man and he is the signature to say ,How should be a great man. This is the life story of that person."
1316. The Sabarmati Report,"A Hindi reporter struggles with a deadly fact when a train full of Karsewaks is set ablaze in Godhra. Years later, he is asked to help expose the Sabarmati Incident backed by a buried report."
1317. Restless,"A middle-aged empty nester's mundane life is upended when raucous new neighbors move in next door, unleashing potential danger and disruption."
1318. Bogieville,A young couple on the run come across a derelict trailer park 'Bogieville'.
1319. Hot Spot,It features three stories that are humorously evocative and a fourth one that's deeply disturbing.
1320. Johnny Puff: Secret Mission,Follows Johnny Puff and his friends as they embark on a secret mission to save Taigasville from the evil plans of Otto von Walrus.
1321. Murder Mubarak,"During a murder investigation, a non-traditional police officer turns a spotlight on an array of suspects. He steps into their world as an outsider, only to find there is so much more than what meets the eye."
1322. Vettaiyan,Ruthless criminal activity is met with force from a maverick police officer with a disregard for the rules as he confronts an outbreak of lawlessness.
1323. Saint-Exupéry,"When Airmail's best pilot Henri Guillaumet disappears in the Andes, his best friend Antoine de Saint-Exupéry decides to set out in search of him against all odds."
1324. Animale,"Camargue, France - Nejma trains hard to win the local bullfighting competition. When she is mauled after a celebration, she starts to notice disturbing changes. News of a rogue bull on the loose terrifies the community, killing young men."
1325. Mars,"A zany crew of misfits blasts off to Mars, only to find they've been duped by a scheming billionaire. Chaos ensues as they face bizarre challenges and unexpected surprises on their wacky interplanetary journey."
1326. From Embers,"After her husband dies in a lab fire, a widowed mother of an autistic son must try to piece her life together while uncovering what really happened on that fateful night."
1327. The Wild Blade of Strangers,"In a power struggle, the Prince of Qi executes the Crown Prince's heir. Charcoal seller Tian Anye gets entangled, revealing his past and truth about Liang City's deceased residents amid chaos of foes and allies."
1328. Stranger in the Woods,"Follows Olivia and her friends as they go on a vacation. After Olivia nearly drowns with a slit wrist in her bathtub after her fiancé's funeral, her friends suspect that she tried to kill herself, but she believes someone attacked her."
1329. Mr. Crocket,A mother embarks on a perilous quest to rescue her son from a demonic children's show host who is kidnapping kids.
1330. Junction,"Junction addresses the modern day opioid crisis in America, and asks how did this happen, from three different points of view. The CEO of a pharmaceutical company, a doctor, and a patient."
1331. Khel Khel Mein,Revolves around a group of friends who gather for a dinner and end up revealing secrets about each other.
1332. Rebellious,"In this modern twist on a classic fairy tale, a headstrong princess is stolen by an evil sorcerer, and her scholarly fiancé must use his wits in an epic quest to find her while she boldly challenges her captors and plots a daring escape."
1333. City Hunter,"An exceptional marksman and hopeless playboy, private eye Ryo Saeba reluctantly forms an alliance with his late partner's sister to investigate his death."
1334. Swimming Home,"An adaptation of cult author Deborah Levy's unique and provocative novel about love, loss and longing. A woman invites a naked stranger found floating in the pool of her family holiday villa to help her set those she loves free."
1335. The Pee Pee Poo Poo Man,A paranoid young man launches a bizarre crime spree against the citizens of Toronto.
1336. Manamey,"A charismatic playboy's life is upended when a young boy enters his world, initially causing chaos but gradually becoming an integral part, exploring themes of love, family, and growth."
1337. Gacy: Serial Killer Next Door,"A teenager's life in a quiet suburb changes drastically when John Wayne Gacy, a famed serial killer, becomes his neighbor. His curiosity leads to dark secrets and a frightening journey from innocence to a dire clash with evil."
1338. First Shift,"Follows a NYC policer officer along with his rookie partner Angela, as they have a rough day while living the dangerous, and routine job of being a cop in the city."
1339. Ben and Suzanne: A Reunion in 4 Parts,The romantic reunion of Ben Santhanaraj and Suzanne Hopper is thwarted when Suzanne's boss asks her to work during their holiday road trip.
1340. When in Rome,"To celebrate a lifelong marriage, Gerda and Kristoffer travel to Rome to relive the city where Gerda was once an aspiring art student. When they run into her former teacher and lover Johannes, Gerda is reminded of the life she used to live, and Kristoffer is sidelined while Gerda wanders the streets of the Eternal City in search of her long-lost youth."
1341. Mr. Manhattan,Mason Bradley's life turns upside-down when he unexpectedly becomes the sole guardian of his late brother's kids after prioritizing his law career and ending his engagement.
1342. Takas,"Best friends, Angel and Lexi, run away after committing a crime. Their seemingly quiet life becomes messy when a new man enters the picture."
1343. The Traveller,"A college student's life changes when he meets a powerful woman after his grandfather's corpse is stolen. As he uncovers a dark conspiracy, he learns he belongs to a hidden group of people with supernatural abilities."
1344. Self Driver,"A desperate cab driver joins a mysterious money-making app, leading him into society's shadows. As the night progresses, his morals are tested and free will questioned. The depths he'll sink reveal themselves as darkness falls."
1345. Black Creek,"A sheriff's sister seeks revenge against the terrifying leader of a group of outlaws after discovering he brutally murdered her brother, his wife, and other family members in a gritty southwestern town."
1346. Haunted Heart,"When Alex joins the team of a boutique seaside restaurant, sexual tensions rise as she falls for the enigmatic restaurant manager Max. Blinded by her feelings, the relationship slowly slides into a harrowing tale of survival."
1347. Riefenstahl,"Explores Leni Riefenstahl's artistic legacy and her complex ties to the Nazi regime, juxtaposing her self-portrayal with evidence suggesting awareness of the regime's atrocities."
1348. Kabit,"Laura accepts the role in this play to rebel against her mother. The director pushes her to bring out her vulnerability and anger, hoping they will show these emotions on stage."
1349. Can You Hear Me?,A World War 1 Romantic Ghost Story
1350. Overlord: The Sacred Kingdom,"Momonga, now known as the Sorcerer King Ains Ooal Gown, rallies the Sorcerer Kingdom and its undead army to join the fight alongside the Sacred Kingdom and the Slane Theocracy in hopes to defeat the Demon Emperor Jaldabaoth."
1351. Midnight Perturbation,"An ancient demon is discovered and awoken by prying hands, wreaking havoc on the lives of those closest to it. Where they must do all they can to stop it from unleashing hell on earth."
1352. Mutants of Nature Cove,"Party girls take shy Beth to nude beach with secluded Mutants causing hallucinations. Mysterious woman chants spells, Mutants attack. Beth plans to send soul-stealing Mutants back to hell permanently."
1353. Devon,"After their daughter vanished from an asylum, Devon's parents engage five explorers to investigate the abandoned site years later via cryptic website, unaware of the sinister one-way journey and terrifying deadly experience awaiting them."
1354. Adult Best Friends,"Inseparable since childhood, levelheaded Katie takes her codependent best friend Delaney on a girls' trip to break the news that she is getting married. Things do not go as planned."
1355. 35-Chinna Katha Kaadu,"Revolves around a young mother facing challenges when her son fails to secure passing marks, igniting events that test the family's resilience and unity."
1356. The Witch: Revenge,"In the aftermath of the Russian invasion of Ukraine in February 2022, a witch from Konotop seeks revenge on the Russian soldiers who killed her fiancé."
1357. The Twin,"After the tragic loss of his son, a man begins experiencing terrifying visions of a figure that looks like himself. As reality unravels, he must confront his past and the supernatural force haunting him before it consumes him completely."
1358. The Playroom,"Fırat and Filiz come to a small hotel called Evcilik on the Aegean coast to add some color to their boring lives, and they disturb the owner of the hotel and his wife by imitating their accents and their love for each other."
1359. Inheritance,"Estranged sisters Lucy and Paige reunite to bury their father, becoming entangled in the complicated web of their past as they realize that they have inherited more from their father than just money."
1360. CTRL,"Nella and Joe are the perfect influencer couple, but when he cheats on her, she turns to an AI app to erase him from her life - until it takes control."
1361. Bloody Axe Wound,"Abbie Bladecut's family business, a video store, has thrived by disposing of teenagers to mimic horror movies. As the first female slasher, she battles gender bias while realizing the harsh realities behind the mass murders."
1362. Crackcoon,"A raccoon ingests a discarded synthetic drug and mutates into a vicious killer. It rampages through a mountain community, threatening campers, tourists, and residents. No one is safe from the monstrous raccoon's violent onslaught."
1363. Boléro,"In 1928 Paris, choreographer Ida Rubinstein commissions Maurice Ravel to compose the music for her next ballet. Facing a crisis of inspiration, the composer revisits his life and dedicates himself to create a universal masterpiece, Bolero."
1364. Bad Fish,"When a marine biologist investigates mysterious deadly attacks on fishermen in an Oregon coastal town, he discovers the culprit is a mermaid who must find a mate to breed with before returning to the sea."
1365. The Best Friend,"On Canoa Quebrada beach, the reunion between two friends rekindles old desires."
1366. Eye for an Eye 2,"A blind swordsman reluctantly mentors an orphan seeking vengeance for his destroyed family, teaching him martial arts skills. The orphan waits for an opportunity to avenge his kin."
1367. The Damned,"In the winter of 1862, during the Civil War, the U.S. Army sends a volunteer company to patrol the uncharted Western territories."
1368. Butas,Witness how lives of four young people who have various sexual quirks and inhibitions intertwine as they live together in a snug boarding house.
1369. Phir Aayi Hasseen Dillruba,"While evading the cops in Agra, Rani and Rishu scheme to run away together. But when their plans go awry, Rani asks a mild-mannered admirer for help."
1370. Blood Star,A petty thief driving through the New Mexico desert finds herself the target of a psychopathic small town sheriff who views his badge as a license to prey on vulnerable young women. She must use all of her street-smarts to survive.
1371. Heresy,"In a medieval Dutch village, a young woman is caught between her faith, fanatic townsfolk and the dark forces lurking in the woods."
1372. Bagheera,"When society turns into a jungle, just one predator cries out for justice."
1373. Snatched,"When a dangerous criminal from her past breaks out of prison, a former CIA agent must tap back into her lethal skills to protect her family."
1374. Side Effects May Vary,"A science skeptic takes an experimental vaccine during a pandemic to treat his illness. The cure works instantly, but he'll learn it's deadlier than the virus itself."
1375. Continental Split,"When a fault threatens to split the U.S., a desperate team of seismologists and government agents race to prevent disaster as the clock ticks down."
1376. Outlaw,"At the age of nine, Rebeca is sold by her grandmother. Disputed by bicheiros and drug dealers, the community is going through changes in power. Rebeca becomes the wife of the chief drug dealer."
1377. Dream Story,"High-society couple's marriage is tested when the husband discovers a secret erotic society and attends a masked ball, ignoring warnings of potential consequences, after his wife admits having fantasies about another man."
1378. The Lost Children,"Four Indigenous children are stranded in the Colombian Amazon after their plane crashes. Guided by ancestral knowledge, they're able to survive while awaiting rescue amid the jungle's challenges."
1379. Graduate with First Class,"Amit navigates love amidst Maya's influence and Niharika's genuine affection, facing choices that shape his fate, unraveling a tale of redemption and tragedy."
1380. The Fall,"A brash, amateur photographer, reeling from her mother's suicide, must rectify her self-destruction and accept the past in order to receive love and redemption."
1381. A.R.M,"Set in the Northern Kerala in 1900, 1950 and 1990, three generations of heroes, Maniyan, Kunjikelu and Ajayan, try to protect the most important treasure of the land."
1382. Tabaah,Revolves around the love and turmoil between our two protagonists. The journey of these characters is marked by such unfortunate twists and events that make it a tragic love story.
1383. Blame the Game,"A young man meets his new girlfriend's friends for the first time at their regular game night, putting him under pressure to make a good impression. But then suddenly, her ex shows up as well."
1384. Roadkill,Vengeance rides the open road when a young woman traveling alone encounters a renegade drifter and ends up in a fight for her life.
1385. Just in Time,"A couple struggling to conceive receives an antique watch from a stranger, leading the wife to realize that the answers she seeks will come in due time."
1386. Above the Knee,"Amir has a secret. He's tormented by visions of his leg rotting and longs to cut it off, convinced it doesn't belong to him. So, he devises a plan - one that will drag everyone around him into his relentless quest for a dark redemption."
1387. Clear Cut,A team of loggers discover a meth cook site in the middle of the forest and are forced to fight for their lives while being hunted by a drug cartel.
1388. Bibi Rajni,"A true event-based thought, who always had faith in Waheguru (God). The Masterpiece, which is designed for people of all ages, is a complete family watch for those wanting to learn and know about Sikhism heritage. Plot by: Tejpal Pataria"
1389. Everything to Me,"A girl raised in Silicon Valley in the shadow of Steve Jobs' successful return to Apple, and his huge influence on her imagination, her aspirations and relationships."
1390. Maidaan,"Inspired by the Indian national football team coach and manager Syed Abdul Rahim, who is regarded as the architect of Indian football."
1391. Baligtaran,"Kat a beautiful DJ who immediately catches the eye of pansexual woman Denise. But while Kat falls for Denise, she's just one of the many partners of Denise. Will Kat learn to be okay with their set-up or will Denise change her way for Kat?"
1392. The Good Teacher,"When a Literature teacher is confronted with a teenage student's complaint of inappropriate behavior, he is called upon to fight to protect his name, his position in the school, and his longtime gay relationship, which no one knows."
1393. Ride,"Three generations of bull riders fight to raise money to transfer the family's young daughter to a better cancer hospital. Set in Stephenville TX, Ride explores rodeo, addiction in the Heartland, and the cowboy's place in modern America."
1394. Abraham Ozler,"Revolves around the personal and professional lives of veteran cop Abraham Ozler, ACP Trichur, who at one time has to take up a serial killing case and the mysterious hunt begins."
1395. Thangalaan,"Based on the true events that revolve around the lives of mine workers in the Kolar Gold Fields, Karnataka."
1396. Death Whisperer 2,"In a world shrouded by darkness, a relentless force seeks retribution, undeterred by boundaries or morality"
1397. Daddysitter,"Mara, a student taking on an unusual ''daddysitter'' job. As she grows close to her wealthy, ill client, his estranged son's return complicates everything."
1398. Forbidden Desire,"Agatha and Ubel's turbulent romance leads to a devastating breakup. Though she finds a new partner, Agatha can't get enough of Ubel. They continue their illicit affair until she finds out that Ubel has a secret that can ruin her life."
1399. Savi,"Savi a simple housewife attempts a daring jailbreak to get her husband out of one of England's high security prisons With 400 inmates, 75 armed guards, 60 surveillance cameras."
1400. Spread,"To make ends meet, an aspiring journalist is forced to take a job at the world's largest porn magazine-beginning her journey to change her life, and the porn industry, forever."
1401. WWII: Operation Phoenix,"A small group of Allied commandos must parachute into enemy occupied Europe and recover the information a female spy was carrying, at all costs. They soon realize that this would be the easy part of the mission."
1402. The Lost Tiger,"Adopted by a wrestler kangaroo family, Teo's life changes when visions lead him to his roots. He embarks on an epic journey to save his homeland from destruction."
1403. Mørkeland,"Ulrik Torp, once a fearless investigative journalist who is now tackling unemployment and a midlife crisis. He finds himself in the middle of a new political conspiracy."
1404. A Carpenter's Prayer,"The inspiring true story of a pastor and his family building a new church and a troubled carpenter who becomes their unlikely source of hope, proving that faith in God is the true path to redemption, even in the most tragic circumstances."
1405. The Image of You,"After Anna meets a stock trader, she thinks he's perfect, but her identical twin sister Zoe doesn't trust him, so she sets out to discover the truth about him."
1406. God's Not Dead: In God We Trust,"Amid political and spiritual turmoil, Reverend David Hill steps up to run for Congress. Opponent Peter Kane, aims to erase religion from policy, and the fight becomes a beacon of hope for people seeking moral leadership in a divided world."
1407. Yacht Rock: A Dockumentary,"Chronicles the rise of the smooth West Coast sound pioneered by artists like Steely Dan, Toto, and Michael McDonald, exploring its widespread influence."
1408. Maharot,"Tantan is a small-town young man, falls for Joni, a free-spirited woman who sells herself yet teaches him about love. As their bond deepens, will their love defy life's twists?"
1409. Vina: Before 7 Days,"Vina, a victim of a motorbike gang's atrocities in Cirebon, refuses to accept her death being labeled an accident. Her spirit intervenes within the seven days preceding the incident to reveal the truth behind what really happened."
1410. Sentinel,"Years after an alien invasion, three heroes decide to time travel to save the survivors but they don't know that the Sentinel is waiting for them."
1411. The Freshly Cut Grass,"Pablo, a university professor, becomes romantically involved with a student. At the same time, Natalia, a university professor, becomes romantically involved with a student. Two paralleled stories, similar but different at the same time."
1412. Air Force One Down,A rookie agent aboard the hijacked Air Force One battle terrorists threatening the energy deal and the president.
1413. Cafe 404,"Jimmy fights to keep the forgotten Café 404 alive. A mysterious bag presents a chance for salvation, but with a steep cost - greed, criminals, and the police quickly spiral the situation out of control, threatening everything around them."
1414. Nee Dhaarey Nee Katha,"Nee Dhaarey Nee Katha explores the theme of perseverance, through the lens of music. The film moves through seemingly lighthearted instances and conversations in engaging with the message of pursuing what makes one fulfilled."
1415. House of Spoils,"It tells the story of a chef who opens her first restaurant where she battles kitchen chaos, a dubious investor and self doubt, but the pressure heats up thanks to the spirit of the estate's previous owner who threatens to sabotage her."
1416. Plan B,"When a one night stand with her awkward neighbor leaves her pregnant, a young woman decides to quickly sleep with a successful businessman and tell him he's the father of her unborn baby."
1417. A Killer in the House,"When a psycho killer becomes obsessed with a beautiful girl, he does everything he can to win her over, including killing everybody in his way. This is a study of a psycho killer, his prey, and how far he is willing to go."
1418. Parallel,"Follows the journey of Vanessa, a grief-stricken woman who mysteriously finds herself navigating between parallel spaces."
1419. Little Death,A middle-aged filmmaker on the verge of a breakthrough. Two kids in search of a lost backpack. A small dog a long way from home.
1420. Revival,Two robbers on the run end up victims of a twisted doctor who subjects them to his sadistic experiments.
1421. Murder Company,"In the midst of the D-Day invasion, a group of US soldiers are given orders to smuggle a member of the French resistance behind enemy lines to assassinate a high-value Nazi target."
1422. Triangle,"A happily married couple visited by an old friend, who ends up stirring the pot by becoming sexually involved with both the husband and the wife."
1423. Cinderella's Revenge,"Cinderella is pushed too far by her evil stepsisters and stepmother, which causes her to switch out her glass shoes and use the assistance of her Fairy Godmother to seek bloody vengeance."
1424. Out Come the Wolves,"At a cabin deep in the wilderness, a weekend of hunting turns to mayhem and a fight for survival when a pack of wolves attack a man, his female best friend and her fiance."
1425. Doraemon the Movie: Nobita's Earth Symphony,"Doraemon and friends go on an adventure to meet new buddies, connect to people with music, and save the world from a crisis."
1426. Janaka Aithe Ganaka,"A young married man rejects parenthood, calculating costs for a child's upbringing. He determines his income insufficient for education, quality of life, and other expenses, leading to his decision against having children at that time."
1427. Revolver,"An ex-police officer embarks on a single-minded goal upon leaving jail, after serving a sentence for crimes committed under dubious circumstances."
1428. Happy Holidays,"In this panoramic family drama by Oscar-nominated Palestinian director Scandar Copti, personal quests, poor choices, and social pressures test cherished relationships, both well-worn and blooming."
1429. Salitan,A wife suspects her husband of infidelity during a trip to Bali. She meets an attractive stranger who stirs unfaithful feelings within her. She contemplates encouraging her husband's unfaithfulness to reduce her guilt.
1430. Nine-Ring Golden Dagger,"Two sisters recover their late father's golden blade from enemy territory, joining forces with their father's former soldier to defend against attacks during their return journey."
1432. Cheat,"Zoe's deteriorating marriage leaves her feeling isolated and longing for connection in the aftermath of a personal trauma. To escape loneliness, she blindly stumbles into a passionate affair, which ultimately leads her down a deadly path."
1433. The Holiday Club,Follows two friends growing relationship over the course of a year in holidays.
1434. Sunrise,"A man, Fallon (Alex Pettyfer) roams the land as a creature of the night as he comes to terms with tragic loss of his family at the hands of a brutal demagogue, Reynolds (Guy Pearce)."
1435. El Heredero,A family in serious debt trouble find themselves between an abusive creditor and a nephew with a large inheritance.
1436. Moon Maidens 2,"Amazons from the planet Byphrexia invade Earth, encountering human males. Rivals Diana and Athena navigate challenges and media frenzy while attempting to reunite before returning home. Will they succeed or become Earth celebrities?"
1437. Secret Sessions,"Cara is the alluring patient of engaged therapist Eric. She seeks counseling for her fetish of sleeping with taken men. But instead of addressing it, they find themselves starting a secret affair they just can't seem to stop."
1438. Amar Singh Chamkila,"Follows the life of pop star duo Amar Singh Chamkila and Amarjot Kaur, whose songs that were social commentaries or devotionals became massive hits in the 80's."
1439. The Last Kumite,"One last kumite, one final battle - for the life of his daughter."
1440. Rifle Club,A historic rifle club faces a vengeful arms dealer's gang in the Western Ghats. Skilled hunters fight to survive and protect their legacy.
1441. Time of the Witch,The village waits for the coming invasion. A young woman hears voices telling her she must save everyone. The Villagers blame her for their troubles. They say she is a witch.
1442. Concerto for Abigail,A pianist confronts progressive hearing loss as she falls for someone new. She must decide whether to shut herself off or let her love in and face the challenge together
1443. Raseeli Raatein,"Rituparna is content with her quaint life in a small town, until a suppressed secret from her past comes knocking at her door."
1444. Belle,"A teacher and opticians practice couple leads a peaceful life in a small town. Their life turned upside when Belle, a friend's daughter found dead in her room. He becomes the prime suspect as the only one at home at the time."
1445. Munkar,An oddity that caused unrest at an Islamic boarding school occurred since one of the female students returned.
1446. Vadakkan,"A paranormal investigator based in Helsinki ventures to Kerala to probe a series of mysterious deaths during a reality TV show shoot and confronts an unspeakable entity from a Dravidian cult practice, lurking on a mysterious island."
1447. Operation Valentine,"Showcasing the indomitable spirits of the Indian Air Force heroes on the frontlines and the challenges they face during one of the biggest, fiercest aerial attacks that India has ever seen."
1448. The Diary,"Where Olga discovers the unfinished diary of a known killer and becomes fascinated by its dark secrets. As she delves into its contents, she uncovers a mysterious connection between them, putting her life and others in grave danger."
1449. Agent Recon,"Alastair, the captain of a covert Earth security force, calls in super-powered rookie Jim to join a mission led by Colonel Green and his skilled Marines to track down a mysterious energy disturbance at a base in New Mexico."
1450. Swap,A young couple is lured into the clutches of a bloodthirsty 500-year-old vampire; the exotic stranger tries to persuade them to swap partners and join his kind.
1451. The Divine Sarah Bernhardt,"Sarah Bernhardt, dubbed ""La Divine,"" became the first global celebrity. The actress broke social conventions through her bold character and dramatic performances."
1452. A Christmas Castle Proposal: A Royal in Paradise 2,"Despite busy schedules causing distance, Olivia and Prince Alexander travel to Torovia for Christmas with his family. Clashing cultures between their families lead to various mishaps."
1453. Krista,"Krista is happy with the simple life she's living with the husband she loves very much. But her ambitious husband ends up losing big at cockfighting, forcing him to commit a crime, and leading Krista to use her body to save him."
1454. Diva Futura,"In 1980s-1990s Italy, Riccardo Schicchi's agency Diva Futura turns free love into porn, making stars of Ilona Staller, Moana Pozzi and others. Their fame leads to Cicciolina's election and Pozzi's mayoral run."
1455. Scared Shitless,"A plumber and his germophobic son are forced to get their hands dirty to save the residents of an apartment building, when a genetically engineered, blood-thirsty creature escapes into the plumbing system."
1456. The Firefighters,"Cheol Woong, a newcomer, is assigned to Rescue Unit of the Fire Station in Seoul. Soon, he is sent to his first mission with Jin Seop, a veteran fireman working with a glorious title; the man who saved the highest number of people in the fire. While being overwhelmed by fierce fire and pouring smoke, Cheol Woong witnesses that Jin Seop forces to search the occupant contrary to the chief's withdrawal order. Just before the fire gobbles up the building, Jin Seop manages to escape with a girl in his arms, but a colleague loses the life. Cheol Woong's fear becomes an anger against Jin Seop, and blames him for his colleague's death. When their conflict is still at the peak, they're called for another fire scene which changes their fate for good."
1457. My Name Is Loh Kiwan,"After defecting from North Korea, Loh Kiwan struggles to obtain refugee status in Belgium, where he encounters a dejected woman who has lost all hope."
1458. Vulgar,"Angelika's seemingly perfect life conceals a lack of fulfillment. While arranging her best friend's wedding, she meets Simon, her friend's daring and passionate brother who challenges Angelika's deeply held principles and life beliefs."
"1459. From Hilde, with Love","In Berlin 1942, Hilde is a member of an anti-Nazi group. She falls in love with another member, Hans. The two spend a summer together until they get caught by the Gestapo and Hilde is imprisoned, eight months pregnant."
1460. Marry Christmas,"After finding love, the Wright Brothers (Joey and Matthew Lawrence) unwittingly schedule weddings for the same day. A sibling rivalry ensues for the right to wed their brides on Christmas."
1461. Strange Frequencies: Taiwan Killer Hospital,"Reality TV stars face mounting supernatural horrors while filming at haunted Xinglin Hospital in Taiwan. As paranormal activity intensifies, group dynamics crumble and a dark force manipulates their survival choices."
1462. Ipar Adalah Maut,Nisa and Aris initially happy household will be shaken by the appearance of Nisa's younger sibling who lives with them.
1463. Vaazhai,"A twelve-year-old boy, Sivanandhan, his mother, sister, and friend navigate life's challenges, where a plantain tree, Vaazhai, becomes a central presence."
1464. Blink,"Chronicles a family's global trip before their children lose vision to a rare genetic disorder, capturing their journey to experience the world's beauty while they can still see it, and preparing for an inevitable future."
1465. 72 Hours,"Two brothers, one an FBI agent and the other an international money launderer, put aside their differences and band together to save their family by going after a perilous extraction deep in kingpin territory."
1466. The Ballad of Davy Crockett,"In 1815, an American Legend, whose wife has fallen deathly ill, leaving his young children to survive on their own, must fight his way back to them across the many perils found in the Savage Lands of the wild frontier."
1467. The Paradise of Thorns,"Unmarried gay couple builds home, durian farm together. After one partner's accidental death, his family seizes assets due to lack of legal marriage recognition. Surviving partner fights to reclaim their shared property and life's work."
1468. Kanguva,A tribal warrior's fierce struggle to save his people a millennium ago is mysteriously linked to a bounty hunter's perilous quest in the present.
1469. Sisid Marino,"A married couple falls into depression after the death of their child. They turn to sex as a coping mechanism, but poverty takes its toll on them."
1470. Mor Chhainha Bhuinya 2,"Two brothers Uday and Kartik grow up together in Chhattisgarh with differences in their ideologies but with love for each other in their hearts. One day, they find themselves against each other. What will win, their love or their ideology?"
1471. The Quiet Ones,"In 2008, a group of men from Denmark and across Europe pull off the biggest heist of all time on Danish soil. Kasper, a boxer with few chances left in life, is offered the opportunity to plan the robbery by its foreign initiators."
1472. Le dernier souffle,Doctor Augustin Masset engages renowned writer Fabrice Toussaint in a philosophical dialogue exploring life and death. A series of profound encounters guides Toussaint to confront his fears and anxieties.
1473. Planet B,"France, 2039. One night, a group of activists pursued by the state vanish without a trace. Julia Bombarth is one of them. When she awakens, she finds herself trapped in an entirely unfamiliar world: PLANET B."
1474. Cells at Work!,"Each and every body is a legion of cells, all performing their function to keep their owner operating."
1475. The Waterboyz,"In the streets of ATL, two young men cross paths. One trying to make a legit living, one trying to create mayhem and rule the streets."
1476. What Lurks Beneath,"The crew of USS Titan find themselves on the brink of WWIII with Russia when a naked stowaway appears in one of their torpedo tubes. Captain Banks fears she may be Russian, but she's something far more dangerous."
1477. Harry Potter and the Stone,"Harry Potter, an eleven-year-old orphan, discovers that he is a wizard and is invited to study at Hogwarts. Even as he escapes a dreary life and enters a world of magic, he finds trouble awaiting him."
1478. Poovu,"Travelling with four women who influenced him most in life - mother, wife, daughter and the first lover is fifty year old Jeevan. And time and seasons and places entwine hands with Jeevan on this journey. Just as he had desired."
1479. Double Exposure,The past and present mysteriously collide as a struggling artist grapples with guilt over what happened to his first love.
1480. Martin,"A journey of a man discovering himself, finding love and fighting for his motherland. Can he hold the fort on all three gates?"
1481. Hatiran Yeter,"The story starts from the fact that the world is a silent place for the hearing-impaired Baha. However, his life changes when he meets someone with a similar condition named Leyla. Leyla opens a way for Baha to rediscover the world, and this love turns into Baha's greatest challenge."
1482. A Million Minutes,"Vera and Wolf Küper, parents to Nina and Simon, navigate work and family stress. Their world gets shaken with Nina's motor disorder diagnosis, reminding Wolf of her wish for a million minutes, just for the really nice things."
1483. Out of Control,A marriage is threatened when the husband's first love comes back to town.
1484. We Strangers,"We Strangers is an addictive and haunting study of race, class and assimilation, centering around Ray, a charming and self-determined woman living in Gary, Indiana."
1485. The Avenger,"After Matt Hollis wife is attacked and his daughter is kidnapped, he recruits his ex-special forces buddy in a violent rescue mission."
1486. On the Run,Two teen sisters learn about their family's involvement with a secret program and go on the run to escape the deadly criminals targeting their family.
1487. Kaulayaw,"Robb Guinto and Micaela Raz heat up the screen as college schoolmates who venture into the world of cybersex to support their needs. They fulfill their fans' sexual fantasy only to realized that they too, are falling for each other."
1488. Ryan's World the Movie: Titan Universe Adventure,"Ryan's twin sisters Emma and Kate get trapped in a comic book world. Ryan enters this realm to rescue them, facing adventures, battles, and mishaps while attempting to bring them back before his parents discover their disappearance."
1489. The Deserter,"1945: The last days of the war. In a remote mountain hut, Anton, a deserted SS man, and Hannah, a Jewish woman, meet. From distrust, feelings develop between the two. But the danger is ever present. For the two, the war is far from over."
1490. 100 litraa sahtia,"Two middle-aged sisters in a Finnish village promise to brew beer for a wedding but drink their entire batch. In a hilarious race against time, they struggle with hangovers while trying to make more beer and save their reputations."
1491. Time Travel Is Dangerous,"Best friends Ruth and Megan run a vintage shop in Muswell Hill. Stumbling across a time machine, they embark on trips to the past to stock their shop with no idea of the irreparable damage they're causing to the fabric of the universe."
1492. Little Bites,"In a desperate attempt to protect her ten-year-old daughter, a young widow allows a nightmarish monster to slowly eat her alive."
1493. Lady Guard,Warehouse security guard Estelle allows illegal gambling for bribes. New recruit Meryl's arrival threatens Estelle's position and benefits from overlooking the illicit activities.
1494. Recalculating,"Four YouTubers documenting haunted Mississippi sites get lost after GPS errors. Stranded on a remote road with a broken car, they face mounting fear as something evil lurks in the darkness."
1495. One Fast Move,"A young man seeks out his estranged father to pursue his dream of becoming a professional motorcycle racer. With help from his love interest and a motorcycle shop owner, he begins to break down the walls his father's absence had created."
1496. Sixty Minutes,"Desperate not to lose custody, a mixed martial arts fighter makes dangerous enemies when he ditches a matchup to race to his daughter's birthday party."
1497. Man and Witch: The Dance of a Thousand Steps,"A goatherd seeks help from a witch to break a curse that prevents him from taking a wife, so she sets upon him a series of impossible tasks."
1498. Love Kills,Infidelity comes to an abrupt end when the cheating lovers are caught.
1499. Karinyo Brutal,"When a battered mistress meets her neighbor, she knows he will be her perfect escape plan. But things turn chaotic when their plan backfires."
1500. Once Again,"In his 40s, the stuntman Woo Seok wishes to go back to the prime of his life in 1997, before a facial scar ended his acting dreams."
1501. Wild Wild Punjab,"Khanna has had a breakup. He's upset, but he has friends like Arora, Jain and Honey paa'ji who encourage him to face this breakup head-on and move on. They embark on a trip across Punjab to help Khanna find the closure he desires."
1502. A Place Called Silence,"Chen Yutong, a girl's middle school student, was bullied at school, but her mother Li Han was unable to save her daughter from the ""hell"". Everyone around her turned a blind eye, and a collective silence brewed greater violence."
1503. Bad Newz,"A crazy laugh riot which will show the outcomes of two sophisticated Punjabi men and a Punjabi girl. One of the men has a one night stand with the girl and somehow, craziness happens when she is pregnant unexpectedly."
1504. The Throwback,"A married couple are thrown into a crisis when the wife, an under-appreciated and stressed ""supermom,"" suffers a post-traumatic breakdown during the holiday season, causing her to regress to her college-age, party-girl self."
1505. Still Fabulous,"Stuck in a dead-end career and on a string of terrible dates, the life of 30-something Maddalena is a total mess. Until one day she meets an unlikely guardian angel that comes to her in the form of real-life porn star Valentina Nappi."
1506. Climax,"A blockbuster Filipino film sets screens ablaze in 2024, featuring beloved couples and fresh faces. Rob Gint and Apple Day guide viewers through steamy moments that promise to raise temperatures and captivate audiences nationwide."
1507. Witch Hunter,"A medieval town plagued by demonic beasts, once innocent woodland creatures twisted by a powerful witch. A fearless hunter and his warriors must confront her dark magic to restore peace."
1508. Shayar,Satta and Seero's enduring love faces obstacles from destiny. Their journey depicts the resilience of true passion as they strive to overcome adversity and be together
1509. Crippled,"Sex and rumors abound in this erotic story about high school student Jules, who won't stop at anything to get back best friend Dahlia from new student Nessa, even if it means making up stories of illicit affairs with teachers."
1510. The Backrooms,"After discovering the myth and legend of the Backrooms, a group of friends enter into Earth's darkest corners to find them - unknown to the danger they'd encounter. Now it's up to them to escape their own prison and avoid a fake reality."
1511. Qalb,Two young hearts falling in love. The ride takes you through the 7 stages of love.
1512. We're All Gonna Die,"In near future, everyone's gotten used to the 10, 000-mile alien tentacle that materialized in the sky, and a struggling beekeeper and a grieving wanderer must join together and take a dangerous roadtrip to get their teleported stuff back."
1513. Tahong,Mira is the daughter of a mussel farmer who needs to fight a reclamation project. She would do everything to save their livelihood even if it means sacrificing her innocence.
1514. Wanderer,"An overworked accountant struggles to balance his work and home life. While on a weekend getaway with his wife, he wanders away from camp and becomes lost in the woods. His journey begins as he struggles to survive - hoping to be found."
1515. Cocorico,"The daughter of the Bouvier-Sauvage family of aristocrats is in love with the son of a Peugeot dealer. When the children announce their marriage, the aristocratic family does not agree."
1516. Unspoken,"Follows a closeted teenager in a religious community who finds a love letter written to his grandfather by another man, so he sets out to find the person."
1517. Nedelja,Life of Dzej Ramadanovski the popular Serbian folk singer.
1518. Feeling Randy,"In the midst of family confusion, Randy goes on a road trip with his school friends to discover his sexuality in the 1970s."
1519. Nice Girls,"When Léo's brother Ludo is killed in Hamburg, despite orders she partners with German cop Mélanie to investigate. Unbeknownst to them, Nice faces a threat and they share an unknown connection."
1520. Model House,Models staying in a secluded house for the night are terrorized by intruders.
1521. No Chains No Masters,"Massamba and his daughter Mati, slaves on Eugène Larcenet's plantation, hatch a daring plan to escape slavery, braving numerous obstacles in their pursuit of freedom."
1522. Nobody Wants to Shoot a Woman,A mother embraces a violent crime spree as a means to survive.
1523. The Neighbor,"Thriller about an innocent college boy and the woman who would introduce him to manhood. Alex meets his new sultry neighbor, Rose, who awakens his sexual desire and gives him his first sexual experience only to learn a trap awaits him."
1524. Butchers Book Two: Raghorn,A car accident leaves the victims in the hands of brutal cannibals who plan to hack them up for meat.
1525. Calamity Jane,"After her husband-to-be Wild Bill Hickok is killed in an infamous poker game, Calamity Jane must break out of prison and find his murderers before Deadwood's Sheriff can arrest her."
1526. Broken Bird,"Sybil works at an undertakers. It's a lonely job, with few perks. So she takes solace where she can."
1527. Filthy Animals,"Two outlaw misfits, Lars, a thrill-seeking drug enthusiast, and Freddy, a bodybuilder recently out of rehab, hunt down child sexual predators on Christmas Eve."
1528. Conquer: Lahad Datu,"The Malaysian security forces in quelling the militant group of the Sulu Sultanate aka ""Operation Daulat"" in Lahad Datu, Sabah."
1529. Kingdom 4: Return of the Great General,"While Qin continues to fight for the unification of the region, its neighboring country invades Qin from the north."
1530. Desperado,"Many years ago, Zhou Ke broke into a gang den alone and rescued his brother Banuo, but was arrested and imprisoned. Fast forward a few years, Zhou Ke is released from prison and lives a carefree life as Li Fei. Where should Zhou Ke go?"
1531. The Smile Man,"A Cop with Alzheimer's disease, set to solve the case of a serial killer on the run,before he loses his memory."
1532. Lie to Me,"A tenacious investigator unravels a global crypto scam, revealing the psychology behind its enduring appeal even after exposure."
1533. Perfect Endings,"João and Hugo end their 10-year relationship but stay best friends. As they start dating again, uncontrollable emotions arise, contrasting the planned perfection of their breakup."
1534. Growl,"In a slum, a blind motel owner develops an unusual reaction to the noises her tenants make, awakening her sensual desires."
1535. I Can Never Be Yours,"When fresh-faced college graduate Sheryl Davis has a one-night stand with billionaire Liam Anderson on New Year's Eve, she never expects to become his secretary. Will Liam realize his perfect match has been right before him all along?"
1536. Khadaan,"Shyam comes from the remote areas of Purulia to work as a laborer in the coal mines of the Damodar Valley. The story of Mohan and Shyam will proceed with their rise, reckoning of friendship."
1537. Arcadia,"Radiant psychologist Katerina has to confront her worst suspicions as she accompanies Yannis, an early once-respected doctor, to identify the victim of a tragic car accident at an off-season seaside resort."
"1538. The Way, My Way","Based on the best selling Camino memoir, The Way, My Way, written by Bill Bennett, the film documents one man's journey along the Camino de Santiago, searching for meaning, not realizing it was right in front of him, one step at a time."
1539. It Happened on our Ground,"Three generations of women grapple with their family's legacy of the Holocaust, its affiliation with the Nazi regime, and their resistance. ""It Happened on Our Ground"" is a sensitive exploration of guilt, memory, and the strength needed to heal."
1540. Footage,A found footage thriller surrounding the story of a curious couple.
1541. Nobody Likes Me,"Sara, a distant observer of others' lives, falls for graceful Martin. As she seeks physical intimacy, he withdraws, concealing his intersex status. When his secret emerges and spreads, they face harsh social realities."
1542. Sengkolo: Malam satu suro,"In Javanese culture, Sengkolo is a negative entity that often haunts humans, brings bad luck and brings disaster. On the first night of Suro, Sengkolo moved to target several weton who were his prey."
1543. Empire Queen: The Golden Age of Magic,"In a kingdom where magic is forbidden, a charming trio of adventurers embark on a dangerous quest in search of the legendary Sovereign Wand, which is needed to overthrow an evil queen and restore magic for all."
1544. Oye Bhole Oye,"Bhola's quest for work in the city leads him to Aveera, a rich woman drawn to his simple life. But their romance faces trouble when Bhola must save his village."
1545. No Dogs Allowed,"15-year-old Gabo struggles to control and hide his pedophilic urges, confiding only in online forums where he encounters the manipulative older Dave. When Dave is arrested for suspected abuse of minors, Gabo must make a choice."
1546. A Sloth Story,"After a terrifying storm destroys their home, a speedy sloth named Laura and her kooky family move to the big city in their rusted old food truck hoping to make their business a success."
1547. Ghosted,An African American playboy and his wing man are abducted after a blind date gone wrong.
1548. A Girl Named Ann,A drug-addicted girl from an abusive family finds hope through kind people but her grim reality strikes back just as she sees a glimmer of light.
1549. Jamais sans mon psy,Follow this man with severe anxiety and a behavior his therapist cannot stand deciding to kick him out of his practice and challenge him to find the woman of his dreams.
1550. GTMax,"When a notorious gang of bikers recruits her brother for a heist, a former motocross champion must face her deepest fears to keep her family safe."
1551. Shivam Bhaje,"A humble loan agent finds himself caught up in a global conspiracy to cause devastation in India. An accident triggers visions of crime and a serial killer, compelling him to unravel a larger mystery and prevent an impending catastrophe."
1552. Son's Will,"A post-apocalyptic tale set in the west Balkans, after a nuclear war."
1553. Gone Running,"Mother and daughters take on marathon relay after husband/father's death to honor his wish. Unprepared physically and mentally, their attempt creates ripples affecting relatives and friends, compounding challenge."
1554. Backrider,"Faith is a private massage therapist. After a nasty break up with her gaming and crypto addicted boyfriend, she finds comfort in her rich, and seemingly kind client, but finds herself in a passionate and perilous situation."
1555. The Last Ronin,"In a post-apocalyptic world ravaged by nuclear war and climate disaster, survivors navigate scorched lands and ruined cities. With technology failing and fuel useless, ammunition becomes the new currency of a desperate civilization."
1556. The Price of Nonna's Inheritance,"When a grandmother falls for a cheeky suitor with dubious intentions, her family devises a secret plan to protect her life and their inheritance."
1557. Operation Blood Hunt,"The Reverend, accompanies a ragtag group of military rejects to a remote South Pacific Island to investigate the disappearance of Marine units said to be at the hands of the Japanese Imperial Army."
1558. 3391 Kilometres,"A lonely Turkish girl meets a boy who lives in a small town of France. Despite living far apart, they bond over shared quirks. Through late night chats they become close, overcoming physical distance to find friendship."
1559. Little Wife,"In the late 1940s, a 15-year-old girl is concubine of an older master. She waits for her husband every day and falls in love with a student who sings in front of her house. Imagine her disappointment that his song is for a girl next door."
1560. Untamed Royals,"Follows a group of wealthy, privileged youths who use their high social status to get away with crimes, but their lavish lifestyle hides a dark truth where the most vulnerable people suffer the consequences of their actions."
1561. The Christmas Letter,"Every year, unemployed copywriter Joe Michaels reads his wealthy friend's annual over-the-top Christmas letter, and feels like a loser. But this year's going to be different."
1562. The Blade Cuts Deeper,Follows a narcissistic TV host who becomes trapped in his own nightmare of televised cruelty and revenge. Content has consequences.
1563. Intoxicated by Love,"Story of Rumi, his friendship with Shams Tabrizi, the love he had for him and the great influence of Shams over him in his life, his poetry and his love for God."
1564. Steal Her Breath,"Virtuoso thief Laura faces her ultimate challenge: outmaneuvering relentless policewoman Maxine in a dangerous, passionate cat-and-mouse game, while a sadistic killer marks them for death."
1565. The Bunker,"When mysterious alien ships appear in the sky, a scientist is sealed in an underground bunker and must create a bio-weapon to stop the unknown visitors, but paranoia and isolation cause her to question the true intention of her mission."
1566. The Sand Castle,"After their flight ends in isolation on an unforgiving shore, a family's struggle to survive becomes a mirror of the wounds they carry within as buried trauma, memory and fear erode the last illusion of safety."
1567. Grand Theft Hamlet,"Two struggling actors find solace from lockdown isolation by staging Hamlet in Grand Theft Auto Online (2013), battling griefers as they connect through William Shakespeare."
1568. Bade Miyan Chote Miyan,Two elite soldiers with troubled pasts are enlisted for a daring mission when a deadly masked villain threatens India's defenses.
1569. Bloodline Killer,Bloodline Killer is a terrifying horror-thriller that follows Moira Cole who endeavors to rebuild her shattered life after the murder of her family at the hands of her deranged and obsessed cousin.
1570. The Shamrock Spitfire,"The story of Irish fighter pilot Brendan ""Paddy"" Finucane, who at the age of just 21, became the youngest ever wing commander in the Royal Air Force, and one of its greatest and most celebrated fighter aces during World War II."
1571. Yudhra,"A young man consumed by vengeance, Yudhra infiltrates a ruthless cartel to avenge his murdered parents, only to discover a dark truth about his past that will test his limits."
1572. Murder and Cocktails,"When a neighbor on their floor is murdered, married couple Nick and Lana host cocktail parties in their apartment in an attempt to discover which of their neighbors pulled the trigger."
1573. Bauk,"Sava, her mother and little brother live in a skyscraper in Belgrade. That normal life is interrupted by the bombing of Serbia. A shelter becomes his new home and Milica, the daughter of the priest he is in love with, leaves the country."
1574. Marco,Enric Marco was a Spanish trade unionist who falsely claimed to have survived Nazi concentration camps. He chaired a Holocaust survivors' group until his lie was exposed in 2005.
1575. Mother Father Sister Brother Frank,A suburban family plots murder when an uncle crashes Sunday dinner with a nasty surprise.
1576. Monster Mash,"Dracula, the Werewolf, the Mummy and the Invisible Man must work together to stop Dr. Frankenstein from creating an unstoppable monster."
1577. A Sudden Case of Christmas,"An American couple takes their 10-year-old daughter to her grandfather's hotel in Italy to tell her that they are separating. Hoping to bring them back together, she asks to celebrate one last Christmas together, although it's August."
1578. Fatal Lust,"Carson's life unravels as his ex-convict twin Cameron is released, seeking vengeance against Carson's fiancée Brianna, exposing the brothers' resentment, inequities, and dark pursuits, causing their relationship to deteriorate."
1579. The Killgrin,"After a personal tragedy, Miranda explores unconventional self-help methods, only to learn from a spiritual healer that she has an infection of her aura called a 'killgrin', which thrives off her misery."
1580. Hisaab Barabar,"Radhe Mohan, an honest TC working for Indian Railways, sets out to uncover a massive financial fraud by banker Mickey Mehta. As Mickey puts the entire system against Radhe, what lies next for him?"
"1581. Love, Courage and the Battle of Bushy Run","Colonel Henry Bouquet, with a ragtag group of British soldiers, Scottish Highlanders and American volunteers, was tasked with trying to save the hundreds of men, women and children facing certain death - or worse - in Fort Pitt."
1582. Not Another Church Movie,"God commands Taylor Pherry to write a movie inspired by his crazy, dysfunctional family, but the Devil has his own devious plans."
1583. Teach Her,"A business student required to study Shakespeare lives out ""Hamlet"" without knowing it."
1584. When Her Walls Talk,A nationally renowned therapist explores the passions and erotic boundaries of her clients while coping with personal demons of her own.
1585. Kill Craft,"Marina lives with her disabled mother and her hit man father. When he dies at work, she must take charge of the family business and take care of her mother. Marked to die, Marina must navigate the world of assassins to survive."
1586. American Star,"An assassin on a final assignment in Fuerteventura, to kill a man he has never met. When his target is delayed, he finds himself drawn to the island, people and a ghostly shipwreck."
1587. #MissingCouple,"A real #vanlife couple were on an adventure to renovate an abandoned farm in middle-of-nowhere Mississippi. Cameras blazing, they chronicled their project on social media. But the farm was full of disturbing surprises, especially at night."
1588. Undergrads,A coming-of-age tale about two girls that delves into the complexities of sexuality and its big impact on their young lives.
1589. Maid Droid Origins,"After Eve, a beautiful android, murders one of her clients, she runs away from the evil Syndell corporation and hides out at the home of Timothy, the man who created her where she finds herself trapped in a deadly love triangle."
1590. Ski,"Skier and filmmaker Nikolai Schirmer discovers that a childhood friend trains to climb and ski 27 mountains in one trip without telling anyone, while it lingers: why did he lose his mountain partner and best friendship so many years ago?"
1591. Desert Fiends,Six friends on their way to a concert break down in the middle of nowhere and encounter a deranged family that lives in the desert killing anyone they come across.
1592. ABBA: Against the Odds,To commemorate the 50th anniversary of the iconic Swedish group winning the Eurovision Song Contest.
1593. Dreamcoin,"The story of an ordinary software developer who is interested in cryptocurrencies, unaware of his abilities, and meets the ""real world"" thanks to an ""artificial intelligence"" he developed."
1594. Demonte Colony 2,"A group of friends who return to a cursed location, driven by curiosity and the quest to uncover the truth behind the malevolent spirits that reside there."
1595. Mud Key,"A lefty lesbian couple and their lapdog accidentally beach their boat on a tiny remote Florida Key, crashing a right wing couple's campsite, and all must wait for the tide to come back in for them to get out."
1596. Disciples in the Moonlight,A reluctant leader heads up a team of seven Christians intent on smuggling Bibles to underground churches in a future America where the Bible is illegal and danger is around every corner.
1597. Louise Violet,"France. End of the 19th century. Louise Violet, a Parisian teacher, is sent on a mission to the French countryside. She has to impose the free, compulsory and secular school of the Republic."
1598. Hack Your Health: The Secrets of Your Gut,An informative yet lighthearted documentary exploring the intricacies of the digestive system and its pivotal role in maintaining overall health and well-being.
1599. Rippy,"Obsessed with living up to her dead father's legacy, a young sheriff finds her mettle tested when locals are found ripped to shreds."
1600. A Vintage Christmas,"Sparks fly when a developer, Noah (Russell) arrives in Oak Creek with plans to replace an abandoned Post Office with a modern office complex and needs to work with Tessa (Patterson) the town's historian/preservationist to compromise."
